id_product;id_supplier;id_manufacturer;id_category_default;id_shop_default;id_tax_rules_group;on_sale;online_only;ean13;
1002386;0;20511;566;1;53;0;0;3.04539E+12;
1007169;0;1131;2;1;53;0;0;8.42387E+12;
1007214;0;0;2;1;53;0;1;8.42387E+12;
1007267;0;1131;672;1;53;0;1;8.42387E+12;
1007270;0;1131;672;1;53;0;1;8.42387E+12;
1007395;0;14021;672;1;53;0;0;8.42222E+12;
1008818;0;2491;691;1;53;0;0;8.4211E+12;
1014672;0;4441;372;1;53;0;0;8.41349E+12;
1014729;0;0;754;1;53;0;0;8.4226E+12;
1014754;0;6374;365;1;53;0;0;8.41406E+12;
1015035;0;4821;378;1;53;0;0;8.42141E+12;
1018453;0;16981;366;1;53;0;1;4.00377E+12;
1024600;0;1131;673;1;53;0;1;8.42387E+12;
1024602;0;1131;672;1;53;0;1;8.42387E+12;
1028006;0;4486;810;1;53;0;0;8.42484E+12;
1028070;0;0;599;1;53;0;0;8.42317E+12;
1029702;0;1951;372;1;53;0;0;91511200300;
1034884;0;0;502;1;53;0;0;8.42734E+12;
1038808;0;2993;485;1;53;0;0;8.41278E+12;
1040412;0;1131;679;1;53;0;1;8.42387E+12;
1040851;0;15481;737;1;53;0;1;8.42518E+12;
1045441;0;19232;283;1;53;0;0;8.41317E+12;
1048937;0;18491;569;1;53;0;0;26102703615;
1050099;0;13451;771;1;53;0;1;8.42751E+12;
1050100;0;13451;771;1;53;0;1;8.42751E+12;
1051367;0;21641;500;1;53;0;0;8.42925E+12;
1052824;0;4821;378;1;53;0;1;8.42141E+12;
1053955;0;4461;996;1;53;0;1;8.42251E+12;
1054481;0;1101;2;1;53;0;0;8.4114E+12;
1056127;0;123512;2;1;53;0;0;8.42876E+12;
1056128;0;13061;1048;1;53;0;0;8.42876E+12;
1059080;0;3721;733;1;53;0;1;8.42146E+12;
1061156;0;123512;797;1;53;0;0;8.41278E+12;
1061709;0;13131;377;1;53;0;1;8.4242E+12;
1064197;0;4086;637;1;53;1;1;6.94161E+12;
1067435;0;2591;771;1;53;0;1;8.43149E+12;
1067437;0;2591;771;1;53;0;1;8.43149E+12;
1067438;0;2591;771;1;53;0;1;8.43149E+12;
1067439;0;2591;771;1;53;0;1;8.43149E+12;
1079464;0;2917;2;1;53;0;0;8.41106E+12;
1080926;0;1001;988;1;53;1;1;2E+12;
1087246;0;5503;988;1;53;1;1;8.41419E+12;
1087401;0;0;988;1;53;1;1;8.42638E+12;
1087637;0;55311;988;1;53;0;0;2E+12;
1087639;0;55311;988;1;53;0;0;8.7191E+12;
1095645;0;4086;647;1;53;1;0;6.94161E+12;
1096765;0;3921;1049;1;53;0;1;9.00317E+12;
1098478;0;5503;578;1;53;0;0;8.42268E+12;
1099576;0;2471;437;1;53;0;1;8.42977E+12;
1099947;0;1001;988;1;53;1;1;8.41419E+12;
1100441;0;5502;1076;1;53;0;0;8.42268E+12;
1101917;0;1141;782;1;53;0;0;8.41152E+12;
1102378;0;5502;434;1;53;0;0;8.42268E+12;
1105867;0;5503;608;1;53;0;0;8.42268E+12;
1108139;0;1131;672;1;53;0;1;8.42387E+12;
1109813;0;5503;640;1;53;0;0;8.42268E+12;
1109911;0;6272;369;1;53;0;0;8.43366E+12;
1110367;0;5503;591;1;53;0;1;8.42268E+12;
1110368;0;5503;591;1;53;0;1;8.42268E+12;
1110369;0;5503;591;1;53;0;0;8.42268E+12;
1110370;0;5503;591;1;53;0;1;8.42268E+12;
1110371;0;5503;591;1;53;0;1;8.42268E+12;
1110372;0;5503;591;1;53;0;1;8.42268E+12;
1110373;0;5503;591;1;53;0;0;8.42268E+12;
1110375;0;5503;591;1;53;0;1;8.42268E+12;
1110376;0;5503;591;1;53;0;0;8.42268E+12;
1110402;0;5503;656;1;53;0;1;8.42268E+12;
1110913;0;5503;578;1;53;0;0;8.42268E+12;
1111076;0;2591;694;1;53;0;1;8.43149E+12;
1111819;0;0;987;1;53;0;0;8.42347E+12;
1113946;0;5502;713;1;53;0;0;8.42268E+12;
1115348;0;4086;646;1;53;0;1;6.94214E+12;
1119953;0;5502;2;1;53;0;0;8.42268E+12;
1122050;0;4097;415;1;53;0;0;4.00689E+12;
1124571;0;6561;988;1;53;1;1;6.94106E+12;
1124572;0;6561;988;1;53;1;1;6.94106E+12;
1125751;0;5502;1087;1;53;0;0;8.42268E+12;
1125752;0;5502;1087;1;53;0;1;8.42268E+12;
1126029;0;5503;988;1;53;1;1;2E+12;
1126495;0;6027;2;1;53;0;0;8.71302E+12;
1129329;0;5448;2;1;53;0;1;2E+12;
1130211;0;1001;988;1;53;1;1;8.41166E+12;
1132402;0;55311;2;1;53;0;1;5.01506E+12;
1133628;0;5503;988;1;53;1;1;2E+12;
1136048;0;5502;2;1;53;0;0;8.42268E+12;
1138476;0;5503;988;1;53;1;1;2E+12;
1138478;0;1001;988;1;53;1;1;8.42205E+12;
1138479;0;5503;988;1;53;1;1;2E+12;
1138486;0;0;988;1;53;0;0;5.60617E+12;
1138494;0;1001;954;1;53;0;1;3.39466E+12;
1142185;0;6561;988;1;53;1;1;2E+12;
1142673;0;0;1087;1;53;0;0;8.42268E+12;
1142677;0;0;1087;1;53;0;0;8.42268E+12;
1142679;0;0;1087;1;53;0;0;8.42268E+12;
1142681;0;0;1087;1;53;0;0;8.42268E+12;
1142698;0;5502;1072;1;53;0;1;8.42205E+12;
1142701;0;5502;1087;1;53;0;1;8.42205E+12;
1142745;0;0;1084;1;53;0;0;2.00097E+12;
1142749;0;0;1084;1;53;0;0;2.00097E+12;
1142753;0;0;1084;1;53;0;0;2.00097E+12;
1142757;0;0;1084;1;53;0;0;2E+12;
1142760;0;0;1084;1;53;0;0;2.00097E+12;
1143120;0;5507;988;1;53;1;1;2E+12;
1143122;0;5507;988;1;53;1;0;6.92539E+12;
1143123;0;5507;988;1;53;1;1;2E+12;
1143132;0;5507;988;1;53;1;1;2E+12;
1143239;0;0;988;1;53;1;0;8.42205E+12;
1143240;0;5503;988;1;53;1;1;2E+12;
1143657;0;55311;2;1;53;0;0;2E+12;
1143690;0;1001;988;1;53;1;0;3.39467E+12;
1143691;0;0;988;1;53;1;1;3.39467E+12;
1143692;0;5503;988;1;53;1;1;3.39467E+12;
1143693;0;5503;988;1;53;1;1;3.39467E+12;
1143694;0;5503;988;1;53;1;1;3.39467E+12;
1143696;0;5503;988;1;53;1;1;3.39467E+12;
1144631;0;5507;386;1;53;1;0;6.92539E+12;
1144635;0;5507;387;1;53;0;0;6.92539E+12;
1144690;0;5503;988;1;53;1;1;3.39467E+12;
1144691;0;5503;988;1;53;1;1;3.39467E+12;
1144692;0;5503;988;1;53;1;1;3.39467E+12;
1144698;0;1001;988;1;53;1;1;3.39467E+12;
1145307;0;5503;988;1;53;1;1;2E+12;
1145321;0;5503;988;1;53;1;1;8.72057E+12;
1145322;0;5503;988;1;53;1;1;2E+12;
1145401;0;1001;988;1;53;1;1;2E+12;
1145455;0;4086;988;1;53;1;1;2E+12;
1145595;0;5507;988;1;53;1;1;8.41285E+12;
1145725;0;1001;988;1;53;1;1;2E+12;
1145745;0;5503;988;1;53;1;1;8.71999E+12;
1145796;0;5331;988;1;53;1;1;8.7113E+12;
1145807;0;1001;988;1;53;1;1;2E+12;
1145808;0;5331;988;1;53;1;1;2E+12;
1146307;0;1001;988;1;53;1;1;2E+12;
1146363;0;18451;988;1;53;1;1;8.43701E+12;
19002284;0;14021;673;1;53;0;0;8.42222E+12;
19004277;0;0;742;1;53;0;1;8.42577E+12;
19005625;0;1001;369;1;53;0;0;8.42734E+12;
19005716;0;1001;501;1;53;0;0;2.30047E+12;
19007432;0;13971;377;1;53;0;1;8.4138E+12;
19007830;0;20081;379;1;53;0;1;8.42334E+12;
19007928;0;14931;1087;1;53;0;0;8.41471E+12;
19008477;0;2623;378;1;53;0;0;4.01655E+12;
19009050;0;0;531;1;53;0;0;8.42317E+12;
19011431;0;4301;720;1;53;0;1;8.42624E+12;
19011842;0;21371;2;1;53;0;1;8.42807E+12;
19011895;0;5391;2;1;53;0;1;8.43516E+12;
19012480;0;123512;2;1;53;0;1;8.43656E+12;
19013305;0;2122;328;1;53;0;1;8.4233E+12;
19015413;0;1001;988;1;53;1;1;2.59015E+12;
19016505;0;26411;330;1;53;1;1;8.41419E+12;
19016581;0;0;988;1;53;1;1;2.59016E+12;
19017831;0;2001;2;1;53;0;1;8.4143E+12;
19019547;0;5445;578;1;53;0;0;8.41325E+12;
19022059;0;0;988;1;53;1;0;3.56835E+12;
19022060;0;0;988;1;53;1;0;3.56835E+12;
19022067;0;21571;988;1;53;1;1;2.59022E+12;
19031037;0;21571;988;1;53;1;0;8.41369E+12;
19031300;0;21571;988;1;53;1;1;2.59031E+12;
19032106;0;6561;988;1;53;1;1;2.59032E+12;
19032206;0;21571;988;1;53;1;1;2.59032E+12;
19111045;0;1051;2;1;53;0;0;8.4301E+12;
19325568;0;1391;2;1;53;0;1;3.25356E+12;
19341883;0;4779;388;1;53;0;1;5.40034E+12;
19382693;0;1001;414;1;53;0;0;8.43511E+12;
19382744;0;3581;414;1;53;0;0;8.42765E+12;
19382799;0;3581;414;1;53;0;0;8.42765E+12;
19382810;0;123512;2;1;53;0;0;9.00317E+12;
19454082;0;123512;2;1;53;0;1;8.42145E+12;
19463105;0;0;191;1;53;0;0;8.43522E+12;
19522412;0;0;987;1;53;0;0;8.43071E+12;
19563169;0;0;987;1;53;0;0;8.42838E+12;
19581434;0;0;987;1;53;0;0;8.42284E+12;
19972313;0;123515;656;1;53;0;1;2.59973E+12;
19976186;0;5503;656;1;53;1;0;8.42439E+12;
100134820;0;4872;781;1;53;0;0;8.41044E+12;
103449044;0;4441;613;1;53;0;0;8.41349E+12;
123000235;0;5503;988;1;53;0;0;8.41345E+12;
123000354;0;5503;988;1;53;1;1;8.41047E+12;
123000355;0;5503;988;1;53;1;1;8.41047E+12;
123000356;0;5503;988;1;53;1;1;8.41047E+12;
123000660;0;5503;988;1;53;1;1;2.00023E+12;
123000675;0;5503;988;1;53;1;0;2.00023E+12;
123001852;0;5503;988;1;53;1;1;2.00023E+12;
123001853;0;5503;988;1;53;1;1;2.00023E+12;
123001854;0;5503;988;1;53;1;1;2.00023E+12;
123001855;0;5503;988;1;53;1;1;2.00023E+12;
123001858;0;5503;988;1;53;1;1;2.00023E+12;
150007275;0;123513;418;1;53;0;1;4.01545E+12;
1000300453;0;1031;694;1;53;0;0;8.41302E+12;
1000301034;0;1031;689;1;53;0;0;8.41302E+12;
1000301077;0;1031;940;1;53;0;0;8.41302E+12;
1000301146;0;1031;687;1;53;0;0;8.41302E+12;
1000308128;0;1031;689;1;53;0;0;8.41302E+12;
1000308130;0;1031;689;1;53;0;0;8.41302E+12;
1000351522;0;1031;685;1;53;0;0;8.41302E+12;
1000351552;0;1031;685;1;53;0;0;8.41302E+12;
1001300981;0;1131;679;1;53;0;1;8.42387E+12;
1001450152;0;1141;792;1;53;0;0;8.41152E+12;
1001450164;0;1141;792;1;53;0;0;8.41152E+12;
1001451002;0;1141;832;1;53;0;0;8.41152E+12;
1001490059;0;1141;782;1;53;0;0;8.41152E+12;
1001580030;0;123514;757;1;53;0;0;2.50016E+12;
1001580082;0;123514;757;1;53;0;0;2.50016E+12;
1002250120;0;1221;426;1;53;0;0;8.43372E+12;
1002250452;0;1221;426;1;53;0;0;8.43372E+12;
1002250465;0;1221;426;1;53;0;0;8.43372E+12;
1002251125;0;1221;426;1;53;0;1;2.50022E+12;
1002700800;0;1271;693;1;53;0;0;2.50027E+12;
1002790001;0;1271;693;1;53;0;1;8.4263E+12;
1003700019;0;1371;556;1;53;0;1;8.43604E+12;
1003790003;0;1371;556;1;53;0;0;8.43604E+12;
1003790004;0;1371;562;1;53;0;1;8.43604E+12;
1003790024;0;1371;1084;1;53;0;1;8.43557E+12;
1003920220;0;1391;413;1;53;0;0;3.25356E+12;
1003942314;0;1391;378;1;53;0;0;3.25356E+12;
1004440506;0;1441;693;1;53;0;0;8.43134E+12;
1004514012;0;1451;693;1;53;0;0;2.50045E+12;
1004520613;0;1451;693;1;53;0;1;8.43518E+12;
1004520615;0;1451;693;1;53;0;1;8.43518E+12;
1005330100;0;1531;408;1;53;0;0;8.42708E+12;
1005330105;0;1531;408;1;53;0;1;2.50053E+12;
1006040033;0;0;693;1;53;0;0;8.43381E+12;
1006091446;0;0;710;1;53;0;1;8.43381E+12;
1006091574;0;1601;710;1;53;0;0;8.43381E+12;
1009940810;0;0;2;1;53;0;1;8.42559E+12;
1009941163;0;0;706;1;53;0;1;8.42559E+12;
1009990009;0;0;704;1;53;0;1;8.42559E+12;
1010032526;0;2001;380;1;53;0;0;8.4143E+12;
1010039808;0;2001;374;1;53;0;0;8.4143E+12;
1010047405;0;2001;377;1;53;0;0;8.4143E+12;
1010059417;0;2001;609;1;53;0;0;8.4143E+12;
1010096611;0;2001;434;1;53;0;0;8.4143E+12;
1011520010;0;2151;997;1;53;0;0;8.43529E+12;
1011520012;0;2151;996;1;53;0;0;8.43529E+12;
1011520074;0;2151;255;1;53;0;0;8.43529E+12;
1011520083;0;2151;693;1;53;0;0;8.43529E+12;
1011520104;0;2151;863;1;53;0;0;8.43529E+12;
1011770085;0;0;694;1;53;0;0;8.42344E+12;
1011770090;0;0;694;1;53;0;0;8.42344E+12;
1012910015;0;0;602;1;53;0;0;2.50129E+12;
1013660082;0;2361;434;1;53;0;0;8.42204E+12;
1013690006;0;2361;434;1;53;0;0;8.42204E+12;
1013690058;0;2361;434;1;53;0;0;8.42204E+12;
1013690104;0;2361;434;1;53;0;0;8.42204E+12;
1013690150;0;2361;2;1;53;0;0;8.42204E+12;
1014440175;0;0;707;1;53;0;0;8.42353E+12;
1014440221;0;2441;715;1;53;0;0;8.42353E+12;
1014441665;0;2441;723;1;53;0;1;8.42353E+12;
1014441761;0;2441;715;1;53;0;0;8.42353E+12;
1014490067;0;2441;706;1;53;0;0;8.42353E+12;
1014490072;0;2441;714;1;53;0;0;8.42353E+12;
1015710451;0;2571;1076;1;53;0;0;7.31415E+12;
1015710476;0;2571;1076;1;53;0;0;7.31415E+12;
1015710822;0;2571;1071;1;53;0;0;7.31415E+12;
1015711829;0;2571;1075;1;53;0;0;8.41224E+12;
1016090094;0;0;988;1;53;1;1;2.5016E+12;
1016090096;0;2611;988;1;53;1;1;2.5016E+12;
1016090098;0;2611;988;1;53;1;1;2.5016E+12;
1016603293;0;2661;418;1;53;0;0;4.00722E+12;
1018747215;0;0;704;1;53;0;0;4.00353E+12;
1023350514;0;3331;437;1;53;0;0;8.42743E+12;
1028880047;0;3881;811;1;53;0;0;8.436E+12;
1029090776;0;3901;778;1;53;0;0;8.4128E+12;
1033008281;0;4301;720;1;53;0;0;8.42624E+12;
1033047149;0;4301;723;1;53;0;0;8.42624E+12;
1034413940;0;4441;608;1;53;1;0;8.41349E+12;
1034413958;0;4441;608;1;53;0;0;8.41349E+12;
1034490045;0;4441;988;1;53;1;1;2.50344E+12;
1035890008;0;0;2;1;53;0;0;2.50359E+12;
1036010202;0;4601;602;1;53;0;0;8.41469E+12;
1038900040;0;4891;681;1;53;0;0;8.42525E+12;
1038900085;0;4891;681;1;53;0;0;8.42525E+12;
1040630001;0;0;418;1;53;0;0;3.13438E+12;
1040630037;0;5061;693;1;53;0;0;21200192178;
1040630148;0;5061;431;1;53;0;0;4.04672E+12;
1040690013;0;5061;2;1;53;0;0;4.06404E+12;
1041990004;0;5191;326;1;53;0;1;8.42946E+12;
1042410380;0;5241;411;1;53;0;0;8.42445E+12;
1042410395;0;5241;411;1;53;0;0;8.42445E+12;
1042410610;0;5241;411;1;53;0;0;8.42445E+12;
1042410620;0;5241;411;1;53;0;0;8.42445E+12;
1042415041;0;5241;411;1;53;0;1;8.42445E+12;
1042415043;0;5241;411;1;53;0;1;8.42445E+12;
1042418436;0;5241;411;1;53;0;0;8.42445E+12;
1042418472;0;5241;411;1;53;0;0;8.42445E+12;
1043890012;0;5381;427;1;53;0;0;8.42375E+12;
1043890019;0;5381;427;1;53;0;0;8.42375E+12;
1100790003;0;2607;1002;1;53;0;0;8.4268E+12;
1103011732;0;2571;375;1;53;0;0;7.31415E+12;
1103900003;0;11392;316;1;53;0;0;8.4E+12;
1103900005;0;11392;316;1;53;0;0;8.4E+12;
1103900007;0;11392;316;1;53;0;0;8.4E+12;
1113600013;0;12361;730;1;53;0;1;8.4215E+12;
1113600014;0;12361;730;1;53;0;1;8.4215E+12;
1113600015;0;12361;730;1;53;0;1;8.4215E+12;
1113600016;0;12361;730;1;53;0;0;8.4215E+12;
1113600018;0;12361;730;1;53;0;0;8.4215E+12;
1117420100;0;0;810;1;53;0;0;2.51175E+12;
1119400030;0;0;379;1;53;0;0;2.51195E+12;
1119400050;0;0;379;1;53;0;0;2.5115E+12;
1119550607;0;12951;715;1;53;0;0;4.04896E+12;
1119590003;0;12951;714;1;53;0;0;4.04896E+12;
1120200006;0;13021;765;1;53;0;0;8.4212E+12;
1120200021;0;13021;765;1;53;0;1;8.4212E+12;
1120200100;0;13021;775;1;53;0;0;8.4212E+12;
1122810510;0;13281;377;1;53;0;0;8.42601E+12;
1125409993;0;0;692;1;53;0;1;2.51254E+12;
1125690016;0;1041;2;1;53;0;0;4.011E+12;
1125690017;0;1041;2;1;53;0;0;4.011E+12;
1127725100;0;13771;1012;1;53;0;0;8.41416E+12;
1130718075;0;123512;2;1;53;0;0;8.4301E+12;
1130890003;0;0;2;1;53;0;0;4.00267E+12;
1134100063;0;14411;2;1;53;0;1;2.51341E+12;
1135210041;0;14521;608;1;53;0;0;8.43655E+12;
1135290004;0;14521;606;1;53;0;0;8.43655E+12;
1139310048;0;14931;1012;1;53;0;0;8.41471E+12;
1151200032;0;0;745;1;53;0;0;2.51513E+12;
1152240200;0;0;717;1;53;0;0;8.42745E+12;
1152240205;0;0;717;1;53;0;0;8.42745E+12;
1152244615;0;0;712;1;53;0;0;8.42745E+12;
1152244660;0;0;712;1;53;0;0;8.42745E+12;
1159210835;0;0;693;1;53;0;0;2.51593E+12;
1163960400;0;17391;1001;1;53;0;1;8.4126E+12;
1169380040;0;17931;726;1;53;0;0;8.42958E+12;
1169380083;0;17931;726;1;53;0;0;8.43507E+12;
1169580036;0;17951;819;1;53;0;0;8.42958E+12;
1169580127;0;17951;819;1;53;0;0;8.42958E+12;
1169580140;0;17951;819;1;53;0;0;8.42958E+12;
1169580790;0;17951;820;1;53;0;0;8.42958E+12;
1171990009;0;18191;328;1;53;0;1;8.43002E+12;
1171990030;0;18191;1087;1;53;0;0;8.01629E+12;
1171990057;0;0;988;1;53;1;0;8.43002E+12;
1174500049;0;18451;599;1;53;0;1;8.42408E+12;
1200990010;0;21091;646;1;53;0;1;8.41019E+12;
1203020451;0;21302;656;1;53;0;0;8.4352E+12;
1203020548;0;21301;646;1;53;1;1;8.4352E+12;
1203021728;0;21305;980;1;53;0;1;8.4352E+12;
1203021766;0;21305;980;1;53;0;1;8.4352E+12;
1203023117;0;21302;372;1;53;1;0;8.4352E+12;
1203023284;0;21301;790;1;53;1;0;8.4352E+12;
1203023466;0;21301;672;1;53;0;0;8.4352E+12;
1203023590;0;21301;688;1;53;0;0;8.4352E+12;
1203023591;0;21301;688;1;53;0;0;8.4352E+12;
1203023718;0;21302;608;1;53;1;0;8.4352E+12;
1203023736;0;21302;611;1;53;1;0;8.4352E+12;
1203023762;0;21302;414;1;53;0;0;8.02231E+12;
1203024013;0;21302;370;1;53;0;0;8.4352E+12;
1203024098;0;21302;418;1;53;0;0;8.4352E+12;
1203024372;0;21302;980;1;53;0;0;8.4352E+12;
1203024373;0;21302;980;1;53;0;0;8.4352E+12;
1203024835;0;21301;1007;1;53;0;0;8.4352E+12;
1203025278;0;21302;1007;1;53;0;0;8.4352E+12;
1203026399;0;21301;980;1;53;0;0;8.4352E+12;
1203026533;0;21302;656;1;53;1;0;8.4352E+12;
1203026646;0;21301;792;1;53;0;0;8.4352E+12;
1203026746;0;21307;689;1;53;0;0;8.4352E+12;
1203026755;0;21307;684;1;53;0;0;8.4352E+12;
1203026956;0;21302;994;1;53;0;0;8.4352E+12;
1203027020;0;21301;689;1;53;0;0;8.4352E+12;
1203027189;0;21302;656;1;53;0;0;8.4352E+12;
1203027250;0;21302;586;1;53;0;0;8.4352E+12;
1203027253;0;21302;430;1;53;0;0;8.4352E+12;
1203027478;0;21301;988;1;53;1;0;2.5203E+12;
1203027726;0;21301;980;1;53;0;0;8.47352E+12;
1203027866;0;21301;988;1;53;1;0;8.4352E+12;
1203027884;0;21301;980;1;53;0;0;8.4352E+12;
1203027940;0;21301;980;1;53;0;0;8.4352E+12;
1203027942;0;21301;980;1;53;0;0;8.4352E+12;
1203027945;0;21301;980;1;53;0;0;8.4352E+12;
1203027947;0;21301;980;1;53;0;0;8.4352E+12;
1203027951;0;21301;980;1;53;0;0;8.4352E+12;
1203028037;0;21301;980;1;53;0;0;8.4352E+12;
1203028048;0;21301;980;1;53;0;0;8.4352E+12;
1203028059;0;21301;980;1;53;0;0;8.4352E+12;
1203028103;0;21301;980;1;53;0;0;8.4352E+12;
1203028104;0;21301;980;1;53;0;0;8.4352E+12;
1203028138;0;21302;980;1;53;0;0;2.5203E+12;
1203028139;0;21302;980;1;53;0;0;2.5203E+12;
1203028140;0;21302;980;1;53;0;0;2.5203E+12;
1203039990;0;21301;980;1;53;0;0;8.43532E+12;
1203040010;0;0;208;1;53;0;0;8.43532E+12;
1203096471;0;4471;673;1;53;0;0;8.43093E+12;
1203096479;0;4471;673;1;53;0;0;8.43093E+12;
1203096487;0;4471;673;1;53;0;0;8.43093E+12;
1203096491;0;4471;673;1;53;0;0;8.43093E+12;
1203097549;0;21302;980;1;53;0;0;8.4352E+12;
1203180078;0;21311;786;1;53;0;0;5.41118E+12;
1205390019;0;21531;684;1;53;0;0;8.4355E+12;
1205390023;0;21531;685;1;53;0;0;8.4355E+12;
1225490007;0;123515;988;1;53;1;0;5.60702E+12;
1253180002;0;0;730;1;53;0;0;8.43546E+12;
1253680004;0;0;1030;1;53;0;0;8.41472E+12;
1254190009;0;0;586;1;53;1;0;8.41419E+12;
1258290074;0;0;208;1;53;0;1;2.52582E+12;
1258290082;0;0;208;1;53;0;1;2.52582E+12;
1258490026;0;0;2;1;53;0;1;2.52584E+12;
1258590037;0;0;987;1;53;0;0;2.52586E+12;
1258690022;0;0;2;1;53;0;0;2.52587E+12;
1258990001;0;0;757;1;53;0;0;2.5259E+12;
1259790013;0;123512;2;1;53;0;0;2.52598E+12;
1259790017;0;123512;2;1;53;0;0;2.52598E+12;
1259790048;0;0;2;1;53;0;1;2.52598E+12;
1368900816;0;0;705;1;53;0;0;8.01992E+12;
1750594535;0;1601;2;1;53;0;0;8.42353E+12;
1999990029;0;0;2;1;0;0;0;8.42756E+12;
1999990030;0;0;2;1;0;0;0;8.42756E+12;
1999990031;0;0;2;1;0;0;0;8.42756E+12;
1999990032;0;0;2;1;0;0;0;8.42756E+12;
1999990033;0;0;2;1;0;0;0;8.42688E+12;
1999990034;0;0;2;1;0;0;0;8.42688E+12;
1999990035;0;0;2;1;0;0;0;8.42688E+12;
1999990036;0;0;2;1;0;0;0;8.42688E+12;
1999990037;0;0;2;1;0;0;0;8.42688E+12;
1999990038;0;0;2;1;0;0;0;8.42688E+12;
1999990039;0;0;2;1;0;0;0;8.42688E+12;
1999990040;0;0;2;1;0;0;0;8.42688E+12;
1999990041;0;0;2;1;0;0;0;8.42688E+12;
1999990042;0;0;2;1;0;0;0;8.42688E+12;
1999990043;0;0;2;1;0;0;0;8.42688E+12;
1999990044;0;0;2;1;0;0;0;8.42688E+12;
1999990045;0;0;2;1;0;0;0;8.42688E+12;
1999990046;0;0;2;1;0;0;0;4.00621E+12;
1999990047;0;0;2;1;0;0;0;4.00621E+12;
1999990048;0;0;2;1;0;0;0;4.00621E+12;
1999990049;0;0;2;1;0;0;0;4.00621E+12;
1999990050;0;0;2;1;0;0;0;4.00621E+12;
1999990051;0;0;2;1;0;0;0;8.41316E+12;
1999990052;0;0;2;1;0;0;0;8.42353E+12;
1999990053;0;0;2;1;0;0;0;4.00621E+12;
1999990054;0;0;2;1;0;0;0;4.00621E+12;
1999990055;0;0;2;1;0;0;0;4.00621E+12;
1999990056;0;0;2;1;0;0;0;8.41316E+12;
1999990057;0;0;2;1;0;0;0;4.00621E+12;
1999990058;0;0;2;1;0;0;0;8.4352E+12;
1999990059;0;0;2;1;0;0;0;8.4352E+12;
1999990060;0;0;2;1;0;0;0;8.4352E+12;
1999990061;0;0;2;1;0;0;0;8.42268E+12;
1999990062;0;0;2;1;0;0;0;8.42268E+12;
1999990063;0;0;2;1;0;0;0;8.42268E+12;
1999990064;0;0;2;1;0;0;0;8.42268E+12;
1999990065;0;0;2;1;0;0;0;8.42268E+12;
1999990066;0;0;2;1;0;0;0;8.42268E+12;
1999990067;0;0;2;1;0;0;0;8.42268E+12;
1999990068;0;0;2;1;0;0;0;8.42268E+12;
1999990069;0;0;2;1;0;0;0;8.42268E+12;
1999990070;0;0;2;1;0;0;0;8.42268E+12;
1999990071;0;0;2;1;0;0;0;8.42445E+12;
1999990072;0;0;2;1;0;0;0;8.42445E+12;
1999990073;0;0;2;1;0;0;0;8.42445E+12;
1999990074;0;0;2;1;0;0;0;8.42445E+12;
1999990075;0;0;2;1;0;0;0;8.42445E+12;
1999990076;0;0;2;1;0;0;0;8.42445E+12;
1999990077;0;0;2;1;0;0;0;8.42445E+12;
1999990078;0;0;2;1;0;0;0;8.42445E+12;
1999990079;0;0;2;1;0;0;0;8.42445E+12;
1999990080;0;0;2;1;0;0;0;8.42445E+12;
1999990081;0;0;2;1;0;0;0;8.42445E+12;
1999990082;0;0;2;1;0;0;0;8.42445E+12;
1999990083;0;0;2;1;0;0;0;8.42445E+12;
1999990084;0;0;2;1;0;0;0;8.42445E+12;
1999990085;0;0;2;1;0;0;0;8.42445E+12;
1999990086;0;0;2;1;0;0;0;8.42445E+12;
1999990087;0;0;2;1;0;0;0;8.42445E+12;
1999990088;0;0;2;1;0;0;0;8.42445E+12;
1999990089;0;0;2;1;0;0;0;8.42445E+12;
1999990090;0;0;2;1;0;0;0;8.42445E+12;
1999990091;0;0;2;1;0;0;0;8.42445E+12;
1999990092;0;0;2;1;0;0;0;8.42445E+12;
1999990093;0;0;2;1;0;0;0;8.42445E+12;
1999990094;0;0;2;1;0;0;0;8.43096E+12;
1999990095;0;0;2;1;0;0;0;8.43096E+12;
1999990096;0;0;2;1;0;0;0;8.43096E+12;
1999990097;0;0;2;1;0;0;0;8.43096E+12;
1999990098;0;0;2;1;0;0;0;8.43096E+12;
1999990099;0;0;2;1;0;0;0;8.41159E+12;
1999990100;0;0;2;1;0;0;0;8.42071E+12;
1999990101;0;0;2;1;0;0;0;8.42071E+12;
1999990102;0;0;2;1;0;0;0;8.42071E+12;
1999990103;0;0;2;1;0;0;0;8.42071E+12;
1999990104;0;0;2;1;0;0;0;8.42911E+12;
1999990105;0;0;2;1;0;0;0;8.42911E+12;
1999990106;0;0;2;1;0;0;0;8.42911E+12;
1999990107;0;0;2;1;0;0;0;8.42911E+12;
1999990108;0;0;2;1;0;0;0;8.42268E+12;
1999990109;0;0;2;1;0;0;0;8.42268E+12;
1999990110;0;0;2;1;0;0;0;8.42268E+12;
1999990111;0;0;2;1;0;0;0;8.42268E+12;
1999990112;0;0;2;1;0;0;0;8.42268E+12;
1999990113;0;0;2;1;0;0;0;8.42268E+12;
1999990114;0;0;2;1;0;0;0;5.03282E+12;
1999990115;0;0;2;1;0;0;0;5.03282E+12;
1999990116;0;0;2;1;0;0;0;5.03282E+12;
1999990117;0;0;2;1;0;0;0;5.03282E+12;
1999990118;0;0;2;1;0;0;0;5.03282E+12;
1999990119;0;0;2;1;0;0;0;5.03282E+12;
1999990120;0;0;2;1;0;0;0;8.4226E+12;
1999990121;0;0;2;1;0;0;0;8.4226E+12;
1999990122;0;0;2;1;0;0;0;8.4226E+12;
1999990123;0;0;2;1;0;0;0;8.42204E+12;
1999990124;0;0;2;1;0;0;0;8.42204E+12;
1999990125;0;0;2;1;0;0;0;8.42204E+12;
1999990126;0;0;2;1;0;0;0;8.42204E+12;
1999990127;0;0;2;1;0;0;0;8.42204E+12;
1999990128;0;0;2;1;0;0;0;8.42204E+12;
1999990129;0;0;2;1;0;0;0;8.42204E+12;
1999990130;0;0;2;1;0;0;0;8.42204E+12;
1999990131;0;0;2;1;0;0;0;8.42204E+12;
1999990132;0;0;2;1;0;0;0;8.42204E+12;
1999990133;0;0;2;1;0;0;0;8.42204E+12;
1999990134;0;0;2;1;0;0;0;8.42204E+12;
1999990135;0;0;2;1;0;0;0;8.42204E+12;
1999990136;0;0;2;1;0;0;0;8.43543E+12;
1999990137;0;0;2;1;0;0;0;8.43543E+12;
1999990138;0;0;2;1;0;0;0;8.43543E+12;
1999990139;0;0;2;1;0;0;0;8.43543E+12;
1999990140;0;0;2;1;0;0;0;8.43543E+12;
1999990141;0;0;2;1;0;0;0;8.43543E+12;
1999990142;0;0;2;1;0;0;0;8.43543E+12;
1999990143;0;0;2;1;0;0;0;8.43543E+12;
1999990144;0;0;2;1;0;0;0;8.42268E+12;
1999990145;0;0;2;1;0;0;0;8.42268E+12;
1999990147;0;0;2;1;0;0;0;8.4352E+12;
1999990148;0;0;2;1;0;0;0;8.4352E+12;
1999990149;0;0;2;1;0;0;0;8.4352E+12;
1999990150;0;0;2;1;0;0;0;8.4352E+12;
1999990151;0;0;2;1;0;0;0;8.4352E+12;
1999990152;0;0;2;1;0;0;0;8.4352E+12;
1999990153;0;0;2;1;0;0;0;8.4352E+12;
1999990154;0;0;2;1;0;0;0;8.4352E+12;
1999990155;0;0;2;1;0;0;0;8.4352E+12;
1999990156;0;0;2;1;0;0;0;8.4352E+12;
1999990157;0;0;2;1;0;0;0;8.4352E+12;
1999990158;0;0;2;1;0;0;0;8.4352E+12;
1999990159;0;0;2;1;0;0;0;8.4352E+12;
1999990160;0;0;2;1;0;0;0;8.4352E+12;
1999990161;0;0;2;1;0;0;0;8.4352E+12;
1999990162;0;0;2;1;0;0;0;8.4352E+12;
1999990163;0;0;2;1;0;0;0;8.4352E+12;
1999990164;0;0;2;1;0;0;0;8.4352E+12;
1999990165;0;0;2;1;0;0;0;8.4352E+12;
1999990166;0;0;2;1;0;0;0;8.4352E+12;
1999990167;0;0;2;1;0;0;0;8.4352E+12;
1999990168;0;0;2;1;0;0;0;8.43524E+12;
1999990169;0;0;2;1;0;0;0;8.43653E+12;
1999990170;0;0;2;1;0;0;0;8.4352E+12;
1999990171;0;0;2;1;0;0;0;8.4352E+12;
1999990172;0;0;2;1;0;0;0;8.4352E+12;
1999990173;0;0;2;1;0;0;0;8.4352E+12;
1999990174;0;0;2;1;0;0;0;8.4352E+12;
1999990175;0;0;2;1;0;0;0;8.4352E+12;
1999990176;0;0;2;1;0;0;0;8.4352E+12;
1999990177;0;0;2;1;0;0;0;8.4352E+12;
1999990178;0;0;2;1;0;0;0;8.4352E+12;
1999990179;0;0;2;1;0;0;0;8.4352E+12;
1999990180;0;0;2;1;0;0;0;8.4352E+12;
1999990181;0;0;2;1;0;0;0;8.4352E+12;
1999990182;0;0;2;1;0;0;0;8.4352E+12;
1999990183;0;0;2;1;0;0;0;8.4352E+12;
1999990184;0;0;2;1;0;0;0;8.4352E+12;
1999990185;0;0;2;1;0;0;0;8.4352E+12;
1999990186;0;0;2;1;0;0;0;8.4352E+12;
1999990187;0;0;2;1;0;0;0;8.4352E+12;
1999990188;0;0;2;1;0;0;0;8.4352E+12;
1999990189;0;0;2;1;0;0;0;8.4352E+12;
1999990190;0;0;2;1;0;0;0;8.4352E+12;
1999990191;0;0;2;1;0;0;0;8.4352E+12;
1999990192;0;0;2;1;0;0;0;8.4352E+12;
1999990193;0;0;2;1;0;0;0;8.4352E+12;
1999990194;0;0;2;1;0;0;0;8.4352E+12;
1999990195;0;0;2;1;0;0;0;8.4352E+12;
1999990196;0;0;2;1;0;0;0;8.4352E+12;
1999990197;0;0;2;1;0;0;0;8.4352E+12;
1999990198;0;0;2;1;0;0;0;8.4352E+12;
1999990199;0;0;2;1;0;0;0;8.4352E+12;
1999990200;0;0;2;1;0;0;0;8.4352E+12;
1999990201;0;0;2;1;0;0;0;8.4352E+12;
1999990202;0;0;2;1;0;0;0;8.4352E+12;
1999990203;0;0;2;1;0;0;0;8.42204E+12;
1999990204;0;0;2;1;0;0;0;8.42204E+12;
1999990205;0;0;2;1;0;0;0;8.42204E+12;
1999990206;0;0;2;1;0;0;0;8.42204E+12;
1999990207;0;0;2;1;0;0;0;8.42204E+12;
1999990208;0;0;2;1;0;0;0;8.42204E+12;
1999990209;0;0;2;1;0;0;0;8.42204E+12;
1999990210;0;0;2;1;0;0;0;8.42204E+12;
1999990211;0;0;2;1;0;0;0;8.42204E+12;
1999990212;0;0;2;1;0;0;0;8.42204E+12;
1999990214;0;0;2;1;0;0;0;8.4352E+12;
1999990215;0;0;2;1;0;0;0;8.4352E+12;
1999990216;0;0;2;1;0;0;0;8.4352E+12;
1999990217;0;0;2;1;0;0;0;8.4352E+12;
1999990218;0;0;2;1;0;0;0;8.4352E+12;
1999990219;0;0;2;1;0;0;0;8.4352E+12;
1999990220;0;0;2;1;0;0;0;8.4352E+12;
1999990221;0;0;2;1;0;0;0;8.4352E+12;
1999990222;0;0;2;1;0;0;0;4.03343E+12;
1999990223;0;0;2;1;0;0;0;4.03343E+12;
1999990224;0;0;2;1;0;0;0;4.03343E+12;
1999990225;0;0;2;1;0;0;0;4.03343E+12;
1999990226;0;0;2;1;0;0;0;4.03343E+12;
1999990227;0;0;2;1;0;0;0;4.03343E+12;
1999990228;0;0;2;1;0;0;0;4.03343E+12;
1999990229;0;0;2;1;0;0;0;4.03343E+12;
1999990230;0;0;2;1;0;0;0;4.03343E+12;
1999990231;0;0;2;1;0;0;0;4.03343E+12;
1999990232;0;0;2;1;0;0;0;4.03343E+12;
1999990233;0;0;2;1;0;0;0;8.43507E+12;
1999990234;0;0;2;1;0;0;0;8.43507E+12;
1999990235;0;0;2;1;0;0;0;8.43507E+12;
1999990236;0;0;2;1;0;0;0;8.43507E+12;
1999990237;0;0;2;1;0;0;0;8.43507E+12;
1999990238;0;0;2;1;0;0;0;8.43507E+12;
1999990239;0;0;2;1;0;0;0;8.43507E+12;
1999990240;0;0;2;1;0;0;0;8.43507E+12;
1999990241;0;0;2;1;0;0;0;8.43507E+12;
1999990242;0;0;2;1;0;0;0;8.43507E+12;
1999990243;0;0;2;1;0;0;0;8.43149E+12;
1999990244;0;0;2;1;0;0;0;8.43149E+12;
1999990245;0;0;2;1;0;0;0;2E+12;
1999990246;0;0;2;1;0;0;0;2E+12;
1999990247;0;0;2;1;0;0;0;8.4352E+12;
1999990248;0;0;2;1;0;0;0;8.4352E+12;
1999990249;0;0;2;1;0;0;0;8.4352E+12;
1999990250;0;0;2;1;0;0;0;8.4352E+12;
1999990251;0;0;2;1;0;0;0;8.4352E+12;
1999990252;0;0;2;1;0;0;0;8.4352E+12;
1999990253;0;0;2;1;0;0;0;8.4352E+12;
1999990254;0;0;2;1;0;0;0;8.4352E+12;
1999990255;0;0;2;1;0;0;0;8.42268E+12;
1999990256;0;0;2;1;0;0;0;8.42268E+12;
1999990257;0;0;2;1;0;0;0;8.42268E+12;
1999990258;0;0;2;1;0;0;0;8.42268E+12;
1999990259;0;0;2;1;0;0;0;8.42268E+12;
1999990260;0;0;2;1;0;0;0;8.42268E+12;
1999990261;0;0;2;1;0;0;0;8.42268E+12;
1999990262;0;0;2;1;0;0;0;8.43381E+12;
1999990263;0;0;2;1;0;0;0;8.43381E+12;
1999990264;0;0;2;1;0;0;0;8.43381E+12;
1999990265;0;0;2;1;0;0;0;8.42353E+12;
1999990266;0;0;2;1;0;0;0;8.43381E+12;
1999990267;0;0;2;1;0;0;0;8.43381E+12;
1999990268;0;0;2;1;0;0;0;8.43381E+12;
1999990269;0;0;2;1;0;0;0;8.43381E+12;
1999990270;0;0;2;1;0;0;0;8.42353E+12;
1999990271;0;0;2;1;0;0;0;8.43381E+12;
1999990272;0;0;2;1;0;0;0;8.43381E+12;
1999990273;0;0;2;1;0;0;0;8.43381E+12;
1999990274;0;0;2;1;0;0;0;8.43381E+12;
1999990275;0;0;2;1;0;0;0;8.42353E+12;
1999990276;0;0;2;1;0;0;0;8.42353E+12;
1999990277;0;0;2;1;0;0;0;8.42353E+12;
1999990278;0;0;2;1;0;0;0;8.43381E+12;
1999990279;0;0;2;1;0;0;0;8.43381E+12;
1999990280;0;0;2;1;0;0;0;8.43381E+12;
1999990281;0;0;2;1;0;0;0;2.5006E+12;
1999990282;0;0;2;1;0;0;0;8.42353E+12;
1999990283;0;0;2;1;0;0;0;8.42353E+12;
1999990284;0;0;2;1;0;0;0;8.42353E+12;
1999990285;0;0;2;1;0;0;0;8.43381E+12;
1999990286;0;0;2;1;0;0;0;8.43381E+12;
1999990287;0;0;2;1;0;0;0;8.42353E+12;
1999990288;0;0;2;1;0;0;0;8.43547E+12;
1999990289;0;0;2;1;0;0;0;8.42353E+12;
1999990290;0;0;2;1;0;0;0;8.42353E+12;
1999990291;0;0;2;1;0;0;0;8.42353E+12;
1999990292;0;0;2;1;0;0;0;8.43381E+12;
1999990293;0;0;2;1;0;0;0;8.42353E+12;
1999990294;0;0;2;1;0;0;0;8.43381E+12;
1999990295;0;0;2;1;0;0;0;8.43547E+12;
1999990296;0;0;2;1;0;0;0;8.42353E+12;
1999990297;0;0;2;1;0;0;0;8.43381E+12;
1999990298;0;0;2;1;0;0;0;8.43381E+12;
1999990299;0;0;2;1;0;0;0;8.42353E+12;
1999990300;0;0;2;1;0;0;0;8.43381E+12;
1999990301;0;0;2;1;0;0;0;8.43381E+12;
1999990302;0;0;2;1;0;0;0;8.43547E+12;
1999990303;0;0;2;1;0;0;0;8.42353E+12;
1999990304;0;0;2;1;0;0;0;8.43547E+12;
1999990305;0;0;2;1;0;0;0;8.42353E+12;
1999990306;0;0;2;1;0;0;0;8.42353E+12;
1999990307;0;0;2;1;0;0;0;8.42353E+12;
1999990308;0;0;2;1;0;0;0;8.43381E+12;
1999990309;0;0;2;1;0;0;0;8.43547E+12;
1999990310;0;0;2;1;0;0;0;8.43547E+12;
1999990311;0;0;2;1;0;0;0;8.43381E+12;
1999990312;0;0;2;1;0;0;0;8.43547E+12;
1999990313;0;0;2;1;0;0;0;8.43547E+12;
1999990314;0;0;2;1;0;0;0;8.43547E+12;
1999990315;0;0;2;1;0;0;0;8.43547E+12;
1999990316;0;0;2;1;0;0;0;8.42353E+12;
1999990317;0;0;2;1;0;0;0;8.43547E+12;
1999990318;0;0;2;1;0;0;0;8.43547E+12;
1999990319;0;0;2;1;0;0;0;8.43547E+12;
1999990320;0;0;2;1;0;0;0;8.43547E+12;
1999990321;0;0;2;1;0;0;0;8.43547E+12;
1999990322;0;0;2;1;0;0;0;8.43547E+12;
1999990323;0;0;2;1;0;0;0;8.4352E+12;
1999990324;0;0;2;1;0;0;0;8.4352E+12;
1999990325;0;0;2;1;0;0;0;8.4352E+12;
1999990326;0;0;2;1;0;0;0;8.4352E+12;
1999990327;0;0;2;1;0;0;0;8.4352E+12;
1999990328;0;0;2;1;0;0;0;8.4352E+12;
1999990329;0;0;2;1;0;0;0;8.4352E+12;
1999990330;0;0;2;1;0;0;0;8.4352E+12;
1999990331;0;0;2;1;0;0;0;8.4352E+12;
1999990332;0;0;2;1;0;0;0;8.4352E+12;
1999990333;0;0;2;1;0;0;0;8.4352E+12;
1999990334;0;0;2;1;0;0;0;8.4352E+12;
1999990335;0;0;2;1;0;0;0;8.4352E+12;
1999990336;0;0;2;1;0;0;0;8.4352E+12;
1999990337;0;0;2;1;0;0;0;8.4352E+12;
1999990338;0;0;2;1;0;0;0;8.4352E+12;
1999990339;0;0;2;1;0;0;0;8.4352E+12;
1999990340;0;0;2;1;0;0;0;8.4352E+12;
1999990341;0;0;2;1;0;0;0;8.4352E+12;
1999990342;0;0;2;1;0;0;0;8.4352E+12;
1999990343;0;0;2;1;0;0;0;8.4352E+12;
1999990344;0;0;2;1;0;0;0;8.4352E+12;
1999990345;0;0;2;1;0;0;0;8.4352E+12;
1999990346;0;0;2;1;0;0;0;8.4352E+12;
1999990347;0;0;2;1;0;0;0;8.4352E+12;
1999990348;0;0;2;1;0;0;0;8.4352E+12;
1999990349;0;0;2;1;0;0;0;8.4352E+12;
1999990350;0;0;2;1;0;0;0;8.4352E+12;
1999990351;0;0;2;1;0;0;0;8.4352E+12;
1999990352;0;0;2;1;0;0;0;8.4352E+12;
1999990353;0;0;2;1;0;0;0;8.4352E+12;
1999990354;0;0;2;1;0;0;0;8.4352E+12;
1999990355;0;0;2;1;0;0;0;8.4352E+12;
1999990356;0;0;2;1;0;0;0;8.4352E+12;
1999990357;0;0;2;1;0;0;0;8.4352E+12;
1999990358;0;0;2;1;0;0;0;8.4352E+12;
1999990359;0;0;2;1;0;0;0;8.4352E+12;
1999990360;0;0;2;1;0;0;0;8.4352E+12;
1999990361;0;0;2;1;0;0;0;8.4352E+12;
1999990362;0;0;2;1;0;0;0;8.4352E+12;
1999990363;0;0;2;1;0;0;0;8.4352E+12;
1999990364;0;0;2;1;0;0;0;8.4352E+12;
1999990365;0;0;2;1;0;0;0;8.4352E+12;
1999990366;0;0;2;1;0;0;0;8.4352E+12;
1999990367;0;0;2;1;0;0;0;8.4352E+12;
1999990368;0;0;2;1;0;0;0;8.4352E+12;
1999990370;0;0;2;1;0;0;0;5.41118E+12;
1999990371;0;0;2;1;0;0;0;5.41118E+12;
1999990372;0;0;2;1;0;0;0;5.41118E+12;
1999990373;0;0;2;1;0;0;0;8.42281E+12;
1999990374;0;0;2;1;0;0;0;8.42281E+12;
1999990375;0;0;2;1;0;0;0;8.42281E+12;
1999990376;0;0;2;1;0;0;0;8.42281E+12;
1999990377;0;0;2;1;0;0;0;8.42281E+12;
1999990378;0;0;2;1;0;0;0;8.42281E+12;
1999990379;0;0;2;1;0;0;0;8.42281E+12;
1999990380;0;0;2;1;0;0;0;8.42281E+12;
1999990381;0;0;2;1;0;0;0;8.42281E+12;
1999990382;0;0;2;1;0;0;0;8.42281E+12;
1999990383;0;0;2;1;0;0;0;8.42281E+12;
1999990384;0;0;2;1;0;0;0;8.42281E+12;
1999990385;0;0;2;1;0;0;0;8.42281E+12;
1999990386;0;0;2;1;0;0;0;8.42281E+12;
1999990387;0;0;2;1;0;0;0;8.42281E+12;
1999990388;0;0;2;1;0;0;0;8.42281E+12;
1999990389;0;0;2;1;0;0;0;8.42281E+12;
1999990390;0;0;2;1;0;0;0;8.42281E+12;
1999990391;0;0;2;1;0;0;0;8.42281E+12;
1999990392;0;0;2;1;0;0;0;8.42281E+12;
1999990393;0;0;2;1;0;0;0;8.42281E+12;
1999990394;0;0;2;1;0;0;0;8.42281E+12;
1999990395;0;0;2;1;0;0;0;8.42281E+12;
1999990396;0;0;2;1;0;0;0;8.42281E+12;
1999990397;0;0;2;1;0;0;0;8.42281E+12;
1999990398;0;0;2;1;0;0;0;8.42281E+12;
1999990399;0;0;2;1;0;0;0;8.42281E+12;
1999990400;0;0;2;1;0;0;0;8.42281E+12;
1999990401;0;0;2;1;0;0;0;8.42281E+12;
1999990402;0;0;2;1;0;0;0;8.42281E+12;
1999990403;0;0;2;1;0;0;0;8.42281E+12;
1999990404;0;0;2;1;0;0;0;8.42281E+12;
1999990405;0;0;2;1;0;0;0;8.42281E+12;
1999990406;0;0;2;1;0;0;0;2.51066E+12;
1999990407;0;0;2;1;0;0;0;8.42281E+12;
1999990408;0;0;2;1;0;0;0;8.42281E+12;
1999990409;0;0;2;1;0;0;0;8.42281E+12;
1999990410;0;0;2;1;0;0;0;8.42281E+12;
1999990411;0;0;2;1;0;0;0;8.42281E+12;
1999990412;0;0;2;1;0;0;0;8.42281E+12;
1999990413;0;0;2;1;0;0;0;8.42281E+12;
1999990414;0;0;2;1;0;0;0;8.42281E+12;
1999990415;0;0;2;1;0;0;0;8.42281E+12;
1999990416;0;0;2;1;0;0;0;8.42281E+12;
1999990417;0;0;2;1;0;0;0;8.42281E+12;
1999990418;0;0;2;1;0;0;0;8.42281E+12;
1999990419;0;0;2;1;0;0;0;8.42281E+12;
1999990420;0;0;2;1;0;0;0;8.42281E+12;
1999990421;0;0;2;1;0;0;0;8.42281E+12;
1999990422;0;0;2;1;0;0;0;2.51066E+12;
1999990423;0;0;2;1;0;0;0;8.42281E+12;
1999990424;0;0;2;1;0;0;0;8.42281E+12;
1999990425;0;0;2;1;0;0;0;8.42281E+12;
1999990426;0;0;2;1;0;0;0;8.42281E+12;
1999990427;0;0;2;1;0;0;0;8.42281E+12;
1999990428;0;0;2;1;0;0;0;8.42281E+12;
1999990429;0;0;2;1;0;0;0;8.42281E+12;
1999990430;0;0;2;1;0;0;0;8.42281E+12;
1999990431;0;0;2;1;0;0;0;8.42281E+12;
1999990432;0;0;2;1;0;0;0;8.42281E+12;
1999990433;0;0;2;1;0;0;0;2.51066E+12;
1999990434;0;0;2;1;0;0;0;8.4352E+12;
1999990435;0;0;2;1;0;0;0;8.4352E+12;
1999990436;0;0;2;1;0;0;0;8.4352E+12;
1999990437;0;0;2;1;0;0;0;5.41118E+12;
1999990438;0;0;2;1;0;0;0;5.41118E+12;
1999990439;0;0;2;1;0;0;0;5.41118E+12;
1999990440;0;0;2;1;0;0;0;5.41118E+12;
1999990441;0;0;2;1;0;0;0;5.41118E+12;
1999990442;0;0;2;1;0;0;0;5.41118E+12;
1999990443;0;0;2;1;0;0;0;8.4352E+12;
1999990444;0;0;2;1;0;0;0;8.4352E+12;
1999990445;0;0;2;1;0;0;0;8.4352E+12;
1999990446;0;0;2;1;0;0;0;8.4352E+12;
1999990447;0;0;2;1;0;0;0;8.4352E+12;
1999990448;0;0;2;1;0;0;0;8.4352E+12;
1999990449;0;0;2;1;0;0;0;8.4352E+12;
1999990450;0;0;2;1;0;0;0;8.42141E+12;
1999990451;0;0;2;1;0;0;0;8.42141E+12;
1999990452;0;0;2;1;0;0;0;8.42141E+12;
1999990453;0;0;2;1;0;0;0;5.41118E+12;
1999990454;0;0;2;1;0;0;0;5.41118E+12;
1999990455;0;0;2;1;0;0;0;5.41118E+12;
1999990456;0;0;2;1;0;0;0;8.42484E+12;
1999990457;0;0;2;1;0;0;0;8.42484E+12;
1999990458;0;0;2;1;0;0;0;8.42484E+12;
1999990459;0;0;2;1;0;0;0;8.4352E+12;
1999990460;0;0;2;1;0;0;0;8.4352E+12;
1999990461;0;0;2;1;0;0;0;8.4352E+12;
1999990462;0;0;2;1;0;0;0;8.4352E+12;
1999990463;0;0;2;1;0;0;0;8.4352E+12;
1999990464;0;0;2;1;0;0;0;8.4352E+12;
1999990465;0;0;2;1;0;0;0;8.4352E+12;
1999990466;0;0;2;1;0;0;0;8.4352E+12;
1999990467;0;0;2;1;0;0;0;8.4352E+12;
1999990468;0;0;2;1;0;0;0;8.4352E+12;
1999990469;0;0;2;1;0;0;0;8.4352E+12;
1999990470;0;0;2;1;0;0;0;8.4352E+12;
1999990471;0;0;2;1;0;0;0;8.4352E+12;
1999990472;0;0;2;1;0;0;0;8.4352E+12;
1999990473;0;0;2;1;0;0;0;8.4352E+12;
1999990474;0;0;2;1;0;0;0;8.4352E+12;
1999990475;0;0;2;1;0;0;0;8.4352E+12;
1999990476;0;0;2;1;0;0;0;8.43654E+12;
1999990477;0;0;2;1;0;0;0;8.43654E+12;
1999990478;0;0;2;1;0;0;0;8.43654E+12;
1999990479;0;0;2;1;0;0;0;8.43547E+12;
1999990480;0;0;2;1;0;0;0;8.43547E+12;
1999990481;0;0;2;1;0;0;0;8.43547E+12;
1999990482;0;0;2;1;0;0;0;8.43547E+12;
1999990483;0;0;2;1;0;0;0;8.43547E+12;
1999990484;0;0;2;1;0;0;0;8.43547E+12;
1999990485;0;0;2;1;0;0;0;8.42353E+12;
1999990486;0;0;2;1;0;0;0;8.43547E+12;
1999990487;0;0;2;1;0;0;0;8.42353E+12;
1999990488;0;0;2;1;0;0;0;8.42353E+12;
1999990489;0;0;2;1;0;0;0;8.42353E+12;
1999990490;0;0;2;1;0;0;0;8.42353E+12;
1999990491;0;0;2;1;0;0;0;8.4352E+12;
1999990492;0;0;2;1;0;0;0;8.4352E+12;
1999990493;0;0;2;1;0;0;0;8.4352E+12;
1999990494;0;0;2;1;0;0;0;8.4352E+12;
1999990495;0;0;2;1;0;0;0;8.4352E+12;
1999990496;0;0;2;1;0;0;0;8.4352E+12;
1999990497;0;0;2;1;0;0;0;8.4352E+12;
1999990498;0;0;2;1;0;0;0;8.42353E+12;
1999990499;0;0;2;1;0;0;0;8.42353E+12;
1999990500;0;0;2;1;0;0;0;8.42353E+12;
1999990501;0;0;2;1;0;0;0;8.42353E+12;
1999990502;0;0;2;1;0;0;0;8.42353E+12;
1999990503;0;0;2;1;0;0;0;8.42353E+12;
1999990504;0;0;2;1;0;0;0;8.42353E+12;
1999990505;0;0;2;1;0;0;0;8.42353E+12;
1999990506;0;0;2;1;0;0;0;8.42353E+12;
1999990507;0;0;2;1;0;0;0;8.42353E+12;
1999990508;0;0;2;1;0;0;0;8.42353E+12;
1999990509;0;0;2;1;0;0;0;8.42353E+12;
1999990510;0;0;2;1;0;0;0;8.42353E+12;
1999990511;0;0;2;1;0;0;0;8.42353E+12;
1999990512;0;0;2;1;0;0;0;8.42353E+12;
1999990513;0;0;2;1;0;0;0;8.42353E+12;
1999990514;0;0;2;1;0;0;0;8.42353E+12;
1999990515;0;0;2;1;0;0;0;8.42353E+12;
1999990516;0;0;2;1;0;0;0;8.42353E+12;
1999990517;0;0;2;1;0;0;0;8.42353E+12;
1999990518;0;0;2;1;0;0;0;8.42353E+12;
1999990519;0;0;2;1;0;0;0;8.42353E+12;
1999990520;0;0;2;1;0;0;0;8.42353E+12;
1999990521;0;0;2;1;0;0;0;8.42353E+12;
1999990522;0;0;2;1;0;0;0;8.42353E+12;
1999990523;0;0;2;1;0;0;0;8.42353E+12;
1999990524;0;0;2;1;0;0;0;8.43507E+12;
1999990525;0;0;2;1;0;0;0;8.43507E+12;
1999990526;0;0;2;1;0;0;0;8.43507E+12;
1999990527;0;0;2;1;0;0;0;8.43507E+12;
1999990528;0;0;2;1;0;0;0;8.43507E+12;
1999990529;0;0;2;1;0;0;0;8.43507E+12;
1999990530;0;0;2;1;0;0;0;8.43507E+12;
1999990531;0;0;2;1;0;0;0;8.43507E+12;
1999990532;0;0;2;1;0;0;0;8.43507E+12;
1999990533;0;0;2;1;0;0;0;8.43507E+12;
1999990534;0;0;2;1;0;0;0;8.43507E+12;
1999990535;0;0;2;1;0;0;0;8.43507E+12;
1999990536;0;0;2;1;0;0;0;8.43507E+12;
1999990537;0;0;2;1;0;0;0;8.43507E+12;
1999990538;0;0;2;1;0;0;0;8.43507E+12;
1999990539;0;0;2;1;0;0;0;8.43507E+12;
1999990540;0;0;2;1;0;0;0;8.43507E+12;
1999990541;0;0;2;1;0;0;0;8.43507E+12;
1999990542;0;0;2;1;0;0;0;8.43507E+12;
1999990543;0;0;2;1;0;0;0;8.43507E+12;
1999990544;0;0;2;1;0;0;0;8.43507E+12;
1999990545;0;0;2;1;0;0;0;8.43507E+12;
1999990546;0;0;2;1;0;0;0;8.43507E+12;
1999990547;0;0;2;1;0;0;0;8.42268E+12;
1999990549;0;0;2;1;0;0;0;8.42268E+12;
1999990550;0;0;2;1;0;0;0;8.42268E+12;
1999990552;0;0;2;1;0;0;0;8.43149E+12;
1999990553;0;0;2;1;0;0;0;8.43149E+12;
1999990554;0;0;2;1;0;0;0;8.43702E+12;
1999990555;0;0;2;1;0;0;0;8.43702E+12;
1999990556;0;0;2;1;0;0;0;8.41152E+12;
1999990557;0;0;2;1;0;0;0;8.41152E+12;
1999990558;0;0;2;1;0;0;0;8.4352E+12;
1999990559;0;0;2;1;0;0;0;8.4352E+12;
1999990560;0;0;2;1;0;0;0;8.4352E+12;
1999990561;0;0;2;1;0;0;0;8.4352E+12;
1999990562;0;0;2;1;0;0;0;8.4352E+12;
1999990563;0;0;2;1;0;0;0;8.4352E+12;
1999990564;0;0;2;1;0;0;0;2E+12;
1999990565;0;0;2;1;0;0;0;2E+12;
1999990566;0;0;2;1;0;0;0;2E+12;
1999990571;0;0;2;1;0;0;0;8.42353E+12;
1999990572;0;0;2;1;0;0;0;8.42353E+12;
1999990573;0;0;2;1;0;0;0;8.42353E+12;
1999990574;0;0;2;1;0;0;0;8.42353E+12;
1999990575;0;0;2;1;0;0;0;8.42353E+12;
1999990576;0;0;2;1;0;0;0;8.42353E+12;
1999990577;0;0;2;1;0;0;0;8.42353E+12;
1999990578;0;0;2;1;0;0;0;8.42321E+12;
1999990581;0;0;2;1;0;0;0;8.4352E+12;
1999990582;0;0;2;1;0;0;0;8.4352E+12;
1999990583;0;0;2;1;0;0;0;8.71044E+12;
1999990584;0;0;2;1;0;0;0;8.71044E+12;
1999990585;0;0;2;1;0;0;0;8.42939E+12;
1999990586;0;0;2;1;0;0;0;8.42939E+12;
1999990587;0;0;2;1;0;0;0;8.41086E+12;
1999990588;0;0;2;1;0;0;0;8.41086E+12;
1999990589;0;0;2;1;0;0;0;8.41047E+12;
1999990590;0;0;2;1;0;0;0;8.41047E+12;
1999990591;0;0;2;1;0;0;0;8.42013E+12;
1999990592;0;0;2;1;0;0;0;8.43257E+12;
1999990593;0;0;2;1;0;0;0;3.47358E+12;
1999990594;0;0;2;1;0;0;0;8.43502E+12;
1999990595;0;0;2;1;0;0;0;8.43257E+12;
1999990596;0;0;2;1;0;0;0;8.01992E+12;
1999990597;0;0;2;1;0;0;0;8.43257E+12;
1999990598;0;0;2;1;0;0;0;8.43257E+12;
1999990599;0;0;2;1;0;0;0;8.43257E+12;
1999990600;0;0;2;1;0;0;0;8.43257E+12;
1999990601;0;0;2;1;0;0;0;8.43257E+12;
1999990602;0;0;2;1;0;0;0;8.43257E+12;
1999990603;0;0;2;1;0;0;0;8.43257E+12;
1999990604;0;0;2;1;0;0;0;3.47358E+12;
1999990605;0;0;2;1;0;0;0;8.43257E+12;
1999990606;0;0;2;1;0;0;0;8.43257E+12;
1999990607;0;0;2;1;0;0;0;8.43257E+12;
1999990608;0;0;2;1;0;0;0;8.42268E+12;
1999990609;0;0;2;1;0;0;0;8.42268E+12;
1999990610;0;0;2;1;0;0;0;8.42268E+12;
1999990611;0;0;2;1;0;0;0;8.4118E+12;
1999990612;0;0;2;1;0;0;0;8.4118E+12;
1999990613;0;0;2;1;0;0;0;8.4118E+12;
1999990614;0;0;2;1;0;0;0;8.4118E+12;
1999990615;0;0;2;1;0;0;0;8.41019E+12;
1999990616;0;0;2;1;0;0;0;8.4352E+12;
1999990617;0;0;2;1;0;0;0;8.4352E+12;
1999990618;0;0;2;1;0;0;0;8.4352E+12;
1999990619;0;0;2;1;0;0;0;8.4128E+12;
1999990620;0;0;2;1;0;0;0;8.4128E+12;
1999990621;0;0;2;1;0;0;0;8.4128E+12;
1999990622;0;0;2;1;0;0;0;8.4128E+12;
1999990623;0;0;2;1;0;0;0;8.05333E+12;
1999990624;0;0;2;1;0;0;0;8.05333E+12;
1999990625;0;0;2;1;0;0;0;8.4352E+12;
1999990626;0;0;2;1;0;0;0;8.4352E+12;
1999990627;0;0;2;1;0;0;0;8.4352E+12;
1999990628;0;0;2;1;0;0;0;8.4352E+12;
1999990629;0;0;2;1;0;0;0;8.4352E+12;
1999990630;0;0;2;1;0;0;0;8.02231E+12;
1999990631;0;0;2;1;0;0;0;8.02231E+12;
1999990632;0;0;2;1;0;0;0;8.4352E+12;
1999990633;0;0;2;1;0;0;0;8.02231E+12;
1999990634;0;0;2;1;0;0;0;8.02231E+12;
1999990635;0;0;2;1;0;0;0;8.4352E+12;
1999990636;0;0;2;1;0;0;0;8.4352E+12;
1999990637;0;0;2;1;0;0;0;8.4352E+12;
1999990638;0;0;2;1;0;0;0;8.4352E+12;
1999990639;0;0;2;1;0;0;0;8.43094E+12;
1999990640;0;0;2;1;0;0;0;8.41349E+12;
1999990641;0;0;2;1;0;0;0;8.41349E+12;
1999990642;0;0;2;1;0;0;0;8.42268E+12;
1999990643;0;0;2;1;0;0;0;3.47358E+12;
1999990644;0;0;2;1;0;0;0;3.47358E+12;
1999990645;0;0;2;1;0;0;0;8.01992E+12;
1999990646;0;0;2;1;0;0;0;8.42745E+12;
1999990647;0;0;2;1;0;0;0;8.01992E+12;
1999990648;0;0;2;1;0;0;0;8.01992E+12;
1999990649;0;0;2;1;0;0;0;8.01992E+12;
1999990650;0;0;2;1;0;0;0;2.52239E+12;
1999990651;0;0;2;1;0;0;0;8.42745E+12;
1999990652;0;0;2;1;0;0;0;8.01992E+12;
1999990653;0;0;2;1;0;0;0;3.47358E+12;
1999990654;0;0;2;1;0;0;0;8.43257E+12;
1999990655;0;0;2;1;0;0;0;3.47358E+12;
1999990656;0;0;2;1;0;0;0;8.42745E+12;
1999990657;0;0;2;1;0;0;0;8.43381E+12;
1999990658;0;0;2;1;0;0;0;2.52239E+12;
1999990659;0;0;2;1;0;0;0;8.43381E+12;
1999990660;0;0;2;1;0;0;0;3.47358E+12;
1999990661;0;0;2;1;0;0;0;8.42745E+12;
1999990662;0;0;2;1;0;0;0;8.42745E+12;
1999990663;0;0;2;1;0;0;0;8.43257E+12;
1999990664;0;0;2;1;0;0;0;8.01992E+12;
1999990665;0;0;2;1;0;0;0;8.42745E+12;
1999990666;0;0;2;1;0;0;0;2.52239E+12;
1999990667;0;0;2;1;0;0;0;8.43381E+12;
1999990668;0;0;2;1;0;0;0;8.43267E+12;
1999990669;0;0;2;1;0;0;0;8.43381E+12;
1999990670;0;0;2;1;0;0;0;8.43381E+12;
1999990671;0;0;2;1;0;0;0;8.43381E+12;
1999990672;0;0;2;1;0;0;0;8.01992E+12;
1999990673;0;0;2;1;0;0;0;3.85019E+12;
1999990674;0;0;2;1;0;0;0;8.43381E+12;
1999990675;0;0;2;1;0;0;0;8.42745E+12;
1999990676;0;0;2;1;0;0;0;8.42745E+12;
1999990677;0;0;2;1;0;0;0;8.42745E+12;
1999990678;0;0;2;1;0;0;0;8.42745E+12;
1999990679;0;0;2;1;0;0;0;8.42745E+12;
1999990680;0;0;2;1;0;0;0;8.43381E+12;
1999990681;0;0;2;1;0;0;0;3.47358E+12;
1999990682;0;0;2;1;0;0;0;8.43381E+12;
1999990683;0;0;2;1;0;0;0;8.43257E+12;
1999990684;0;0;2;1;0;0;0;8.43257E+12;
1999990685;0;0;2;1;0;0;0;8.42745E+12;
1999990686;0;0;2;1;0;0;0;8.42745E+12;
1999990687;0;0;2;1;0;0;0;8.42745E+12;
1999990688;0;0;2;1;0;0;0;8.01992E+12;
1999990689;0;0;2;1;0;0;0;8.43381E+12;
1999990690;0;0;2;1;0;0;0;8.01992E+12;
1999990691;0;0;2;1;0;0;0;8.42745E+12;
1999990692;0;0;2;1;0;0;0;8.42745E+12;
1999990693;0;0;2;1;0;0;0;4.04395E+12;
1999990694;0;0;2;1;0;0;0;8.42745E+12;
1999990696;0;0;2;1;0;0;0;8.43381E+12;
1999990697;0;0;2;1;0;0;0;8.43381E+12;
1999990698;0;0;2;1;0;0;0;8.43381E+12;
1999990699;0;0;2;1;0;0;0;3.47358E+12;
1999990700;0;0;2;1;0;0;0;8.43381E+12;
1999990701;0;0;2;1;0;0;0;8.42745E+12;
1999990702;0;0;2;1;0;0;0;8.43381E+12;
1999990703;0;0;2;1;0;0;0;3.47358E+12;
1999990704;0;0;2;1;0;0;0;8.43381E+12;
1999990705;0;0;2;1;0;0;0;8.42745E+12;
1999990706;0;0;2;1;0;0;0;8.42745E+12;
1999990707;0;0;2;1;0;0;0;8.43257E+12;
1999990708;0;0;2;1;0;0;0;8.43381E+12;
1999990709;0;0;2;1;0;0;0;8.43257E+12;
1999990710;0;0;2;1;0;0;0;8.43381E+12;
1999990711;0;0;2;1;0;0;0;8.43381E+12;
1999990712;0;0;2;1;0;0;0;8.42745E+12;
1999990713;0;0;2;1;0;0;0;8.43381E+12;
1999990714;0;0;2;1;0;0;0;8.01992E+12;
1999990715;0;0;2;1;0;0;0;8.43381E+12;
1999990716;0;0;2;1;0;0;0;8.01992E+12;
1999990717;0;0;2;1;0;0;0;3.47358E+12;
1999990718;0;0;2;1;0;0;0;3.47358E+12;
1999990719;0;0;2;1;0;0;0;8.43381E+12;
1999990720;0;0;2;1;0;0;0;8.01992E+12;
1999990721;0;0;2;1;0;0;0;3.47358E+12;
1999990722;0;0;2;1;0;0;0;8.01992E+12;
1999990723;0;0;2;1;0;0;0;8.43381E+12;
1999990724;0;0;2;1;0;0;0;8.43381E+12;
1999990725;0;0;2;1;0;0;0;8.43381E+12;
1999990726;0;0;2;1;0;0;0;3.47358E+12;
1999990727;0;0;2;1;0;0;0;8.43257E+12;
1999990728;0;0;2;1;0;0;0;8.42745E+12;
1999990729;0;0;2;1;0;0;0;8.42745E+12;
1999990730;0;0;2;1;0;0;0;8.01992E+12;
1999990731;0;0;2;1;0;0;0;8.43028E+12;
1999990732;0;0;2;1;0;0;0;8.42745E+12;
1999990733;0;0;2;1;0;0;0;3.47358E+12;
1999990734;0;0;2;1;0;0;0;8.43381E+12;
1999990735;0;0;2;1;0;0;0;8.43381E+12;
1999990736;0;0;2;1;0;0;0;3.47358E+12;
1999990737;0;0;2;1;0;0;0;8.43257E+12;
1999990738;0;0;2;1;0;0;0;8.01992E+12;
1999990739;0;0;2;1;0;0;0;8.42745E+12;
1999990740;0;0;2;1;0;0;0;3.47358E+12;
1999990741;0;0;2;1;0;0;0;8.43381E+12;
1999990742;0;0;2;1;0;0;0;8.01992E+12;
1999990743;0;0;2;1;0;0;0;8.43381E+12;
1999990744;0;0;2;1;0;0;0;8.43381E+12;
1999990745;0;0;2;1;0;0;0;8.43381E+12;
1999990746;0;0;2;1;0;0;0;8.43381E+12;
1999990747;0;0;2;1;0;0;0;3.47358E+12;
1999990748;0;0;2;1;0;0;0;2.52239E+12;
1999990749;0;0;2;1;0;0;0;8.01992E+12;
1999990750;0;0;2;1;0;0;0;8.43028E+12;
1999990751;0;0;2;1;0;0;0;3.47358E+12;
1999990752;0;0;2;1;0;0;0;8.42745E+12;
1999990753;0;0;2;1;0;0;0;3.47358E+12;
1999990754;0;0;2;1;0;0;0;8.43257E+12;
1999990755;0;0;2;1;0;0;0;8.42745E+12;
1999990756;0;0;2;1;0;0;0;8.43381E+12;
1999990757;0;0;2;1;0;0;0;3.47358E+12;
1999990758;0;0;2;1;0;0;0;3.47358E+12;
1999990759;0;0;2;1;0;0;0;8.43257E+12;
1999990760;0;0;2;1;0;0;0;2.52239E+12;
1999990761;0;0;2;1;0;0;0;2.52239E+12;
1999990762;0;0;2;1;0;0;0;8.43028E+12;
1999990763;0;0;2;1;0;0;0;2.52239E+12;
1999990764;0;0;2;1;0;0;0;8.42745E+12;
1999990765;0;0;2;1;0;0;0;3.47358E+12;
1999990766;0;0;2;1;0;0;0;8.43028E+12;
1999990767;0;0;2;1;0;0;0;3.47358E+12;
1999990768;0;0;2;1;0;0;0;8.42841E+12;
1999990769;0;0;2;1;0;0;0;8.42841E+12;
1999990770;0;0;2;1;0;0;0;8.42841E+12;
1999990771;0;0;2;1;0;0;0;8.42841E+12;
1999990772;0;0;2;1;0;0;0;8.42841E+12;
1999990773;0;0;2;1;0;0;0;8.42841E+12;
1999990774;0;0;2;1;0;0;0;8.4352E+12;
1999990775;0;0;2;1;0;0;0;8.4352E+12;
1999990776;0;0;2;1;0;0;0;8.4352E+12;
1999990777;0;0;2;1;0;0;0;8.4352E+12;
1999990778;0;0;2;1;0;0;0;8.4352E+12;
1999990779;0;0;2;1;0;0;0;8.4352E+12;
1999990780;0;0;2;1;0;0;0;8.4352E+12;
1999990781;0;0;2;1;0;0;0;8.4352E+12;
1999990782;0;0;2;1;0;0;0;8.4352E+12;
1999990783;0;0;2;1;0;0;0;8.4352E+12;
1999990784;0;0;2;1;0;0;0;8.4352E+12;
1999990785;0;0;2;1;0;0;0;8.4352E+12;
1999990786;0;0;2;1;0;0;0;8.4352E+12;
1999990787;0;0;2;1;0;0;0;8.4352E+12;
1999990788;0;0;2;1;0;0;0;8.4352E+12;
1999990789;0;0;2;1;0;0;0;8.4352E+12;
1999990790;0;0;2;1;0;0;0;8.4352E+12;
1999990791;0;0;2;1;0;0;0;8.4352E+12;
1999990792;0;0;2;1;0;0;0;8.4352E+12;
1999990793;0;0;2;1;0;0;0;8.4352E+12;
1999990794;0;0;2;1;0;0;0;8.4352E+12;
1999990795;0;0;2;1;0;0;0;8.41302E+12;
1999990796;0;0;2;1;0;0;0;8.41302E+12;
1999990797;0;0;2;1;0;0;0;8.41302E+12;
1999990798;0;0;2;1;0;0;0;8.41302E+12;
1999990839;0;0;2;1;0;0;0;8.42745E+12;
1999990840;0;0;2;1;0;0;0;8.42745E+12;
1999990845;0;0;2;1;0;0;0;8.43381E+12;
1999990846;0;0;2;1;0;0;0;8.42745E+12;
1999990847;0;0;2;1;0;0;0;8.43381E+12;
1999990848;0;0;2;1;0;0;0;8.43381E+12;
1999990849;0;0;2;1;0;0;0;8.43381E+12;
1999990853;0;0;2;1;0;0;0;8.43381E+12;
1999990854;0;0;2;1;0;0;0;8.43381E+12;
1999990855;0;0;2;1;0;0;0;8.43381E+12;
1999990856;0;0;2;1;0;0;0;8.43381E+12;
1999990857;0;0;2;1;0;0;0;8.43257E+12;
1999990859;0;0;2;1;0;0;0;8.42745E+12;
1999990860;0;0;2;1;0;0;0;8.43381E+12;
1999990861;0;0;2;1;0;0;0;8.43381E+12;
1999990862;0;0;2;1;0;0;0;8.43381E+12;
1999990864;0;0;2;1;0;0;0;8.01992E+12;
1999990865;0;0;2;1;0;0;0;8.43381E+12;
1999990866;0;0;2;1;0;0;0;8.42745E+12;
1999990867;0;0;2;1;0;0;0;8.43381E+12;
1999990868;0;0;2;1;0;0;0;8.42745E+12;
1999990869;0;0;2;1;0;0;0;8.43381E+12;
1999990870;0;0;2;1;0;0;0;8.43381E+12;
1999990871;0;0;2;1;0;0;0;8.42745E+12;
1999990872;0;0;2;1;0;0;0;8.43381E+12;
1999990873;0;0;2;1;0;0;0;8.42745E+12;
1999990874;0;0;2;1;0;0;0;3.47358E+12;
1999990875;0;0;2;1;0;0;0;8.43381E+12;
1999990876;0;0;2;1;0;0;0;8.42745E+12;
1999990877;0;0;2;1;0;0;0;8.43381E+12;
1999990878;0;0;2;1;0;0;0;8.43381E+12;
1999990879;0;0;2;1;0;0;0;8.43381E+12;
1999990880;0;0;2;1;0;0;0;8.43381E+12;
1999990881;0;0;2;1;0;0;0;8.43381E+12;
1999990882;0;0;2;1;0;0;0;8.42745E+12;
1999990883;0;0;2;1;0;0;0;3.47358E+12;
1999990884;0;0;2;1;0;0;0;8.42745E+12;
1999990885;0;0;2;1;0;0;0;8.43381E+12;
1999990886;0;0;2;1;0;0;0;8.43381E+12;
1999990887;0;0;2;1;0;0;0;8.43381E+12;
1999990888;0;0;2;1;0;0;0;8.42745E+12;
1999990889;0;0;2;1;0;0;0;8.43381E+12;
1999990890;0;0;2;1;0;0;0;8.42745E+12;
1999990891;0;0;2;1;0;0;0;8.42745E+12;
1999990892;0;0;2;1;0;0;0;8.43381E+12;
1999990893;0;0;2;1;0;0;0;8.43381E+12;
1999990894;0;0;2;1;0;0;0;8.43381E+12;
1999990895;0;0;2;1;0;0;0;8.43257E+12;
1999990896;0;0;2;1;0;0;0;8.43381E+12;
1999990897;0;0;2;1;0;0;0;2.52239E+12;
1999990898;0;0;2;1;0;0;0;8.43381E+12;
1999990899;0;0;2;1;0;0;0;8.43381E+12;
1999990900;0;0;2;1;0;0;0;8.43381E+12;
1999990901;0;0;2;1;0;0;0;3.47358E+12;
1999990902;0;0;2;1;0;0;0;8.43257E+12;
1999990903;0;0;2;1;0;0;0;8.43381E+12;
1999990904;0;0;2;1;0;0;0;8.43257E+12;
1999990905;0;0;2;1;0;0;0;8.43257E+12;
1999990906;0;0;2;1;0;0;0;8.43257E+12;
1999990907;0;0;2;1;0;0;0;8.43257E+12;
1999990908;0;0;2;1;0;0;0;8.43257E+12;
1999990909;0;0;2;1;0;0;0;8.42745E+12;
1999990910;0;0;2;1;0;0;0;8.42745E+12;
1999990911;0;0;2;1;0;0;0;8.43257E+12;
1999990912;0;0;2;1;0;0;0;8.43257E+12;
1999990913;0;0;2;1;0;0;0;8.43257E+12;
1999990914;0;0;2;1;0;0;0;8.43381E+12;
1999990915;0;0;2;1;0;0;0;8.43257E+12;
1999990916;0;0;2;1;0;0;0;8.43257E+12;
1999990917;0;0;2;1;0;0;0;8.43257E+12;
1999990918;0;0;2;1;0;0;0;8.43257E+12;
1999990919;0;0;2;1;0;0;0;2.52001E+12;
1999990920;0;0;2;1;0;0;0;8.4352E+12;
1999990921;0;0;2;1;0;0;0;8.42607E+12;
1999990922;0;0;2;1;0;0;0;8.42607E+12;
1999990923;0;0;2;1;0;0;0;8.42607E+12;
1999990924;0;0;2;1;0;0;0;8.43507E+12;
1999990925;0;0;2;1;0;0;0;8.43507E+12;
1999990926;0;0;2;1;0;0;0;8.4352E+12;
1999990927;0;0;2;1;0;0;0;8.4352E+12;
1999990928;0;0;2;1;0;0;0;8.4352E+12;
1999990929;0;0;2;1;0;0;0;8.4352E+12;
1999990930;0;0;2;1;0;0;0;8.4352E+12;
1999990931;0;0;2;1;0;0;0;8.4352E+12;
1999990932;0;0;2;1;0;0;0;8.4352E+12;
1999990933;0;0;2;1;0;0;0;8.4352E+12;
1999990934;0;0;2;1;0;0;0;8.4352E+12;
1999990935;0;0;2;1;0;0;0;8.4352E+12;
1999990936;0;0;2;1;0;0;0;8.4352E+12;
1999990937;0;0;2;1;0;0;0;8.4352E+12;
1999990938;0;0;2;1;0;0;0;8.4352E+12;
1999990939;0;0;2;1;0;0;0;8.43602E+12;
1999990940;0;0;2;1;0;0;0;8.43602E+12;
1999990941;0;0;2;1;0;0;0;8.43602E+12;
1999990942;0;0;2;1;0;0;0;8.4352E+12;
1999990943;0;0;2;1;0;0;0;8.4352E+12;
1999990944;0;0;2;1;0;0;0;8.4352E+12;
1999990945;0;0;2;1;0;0;0;8.4352E+12;
1999990946;0;0;2;1;0;0;0;8.4352E+12;
1999990947;0;0;2;1;0;0;0;8.4352E+12;
1999990948;0;0;2;1;0;0;0;8.4126E+12;
1999990950;0;0;2;1;0;0;0;8.4352E+12;
1999990951;0;0;2;1;0;0;0;8.4352E+12;
1999990952;0;0;2;1;0;0;0;8.4352E+12;
1999990953;0;0;2;1;0;0;0;8.4352E+12;
1999990954;0;0;2;1;0;0;0;8.4352E+12;
1999990955;0;0;2;1;0;0;0;8.4352E+12;
1999990956;0;0;2;1;0;0;0;8.4352E+12;
1999990957;0;0;2;1;0;0;0;8.4352E+12;
1999990958;0;0;2;1;0;0;0;8.4352E+12;
1999990959;0;0;2;1;0;0;0;8.4352E+12;
1999990960;0;0;2;1;0;0;0;8.4021E+12;
1999990961;0;0;2;1;0;0;0;8.4041E+12;
1999990962;0;0;2;1;0;0;0;8.4031E+12;
1999990963;0;0;2;1;0;0;0;2.50029E+12;
1999990964;0;0;2;1;0;0;0;2.50029E+12;
1999990965;0;0;2;1;0;0;0;2.50029E+12;
1999990966;0;0;2;1;0;0;0;2.50029E+12;
1999990967;0;0;2;1;0;0;0;2.50029E+12;
1999990968;0;0;2;1;0;0;0;5.60041E+12;
1999990969;0;0;2;1;0;0;0;5.60041E+12;
1999990970;0;0;2;1;0;0;0;5.60041E+12;
1999990971;0;0;2;1;0;0;0;5.60041E+12;
1999990972;0;0;2;1;0;0;0;5.60041E+12;
1999990973;0;0;2;1;0;0;0;5.60041E+12;
1999990974;0;0;2;1;0;0;0;5.60041E+12;
1999990975;0;0;2;1;0;0;0;5.60041E+12;
1999990976;0;0;2;1;0;0;0;5.60041E+12;
1999990977;0;0;2;1;0;0;0;5.60041E+12;
1999990978;0;0;2;1;0;0;0;8.4352E+12;
1999990979;0;0;2;1;0;0;0;8.4352E+12;
1999990980;0;0;2;1;0;0;0;8.4301E+12;
1999990981;0;0;2;1;0;0;0;8.4301E+12;
1999990982;0;0;2;1;0;0;0;8.42745E+12;
1999990983;0;0;2;1;0;0;0;8.42745E+12;
1999990984;0;0;2;1;0;0;0;8.42745E+12;
1999990985;0;0;2;1;0;0;0;8.4301E+12;
1999990986;0;0;2;1;0;0;0;8.42745E+12;
1999990987;0;0;2;1;0;0;0;8.42745E+12;
1999990988;0;0;2;1;0;0;0;8.42745E+12;
1999990989;0;0;2;1;0;0;0;8.42745E+12;
1999990990;0;0;2;1;0;0;0;8.42745E+12;
1999990991;0;0;2;1;0;0;0;8.42745E+12;
1999990992;0;0;2;1;0;0;0;8.42745E+12;
1999990993;0;0;2;1;0;0;0;8.42745E+12;
1999990994;0;0;2;1;0;0;0;8.42745E+12;
1999990995;0;0;2;1;0;0;0;8.42745E+12;
1999990996;0;0;2;1;0;0;0;8.42745E+12;
1999990997;0;0;2;1;0;0;0;8.4352E+12;
1999990998;0;0;2;1;0;0;0;8.4352E+12;
1999990999;0;0;2;1;0;0;0;8.43523E+12;
1999991000;0;0;2;1;0;0;0;8.43523E+12;
1999991001;0;0;2;1;0;0;0;8.43523E+12;
1999991002;0;0;2;1;0;0;0;8.43523E+12;
1999991003;0;0;2;1;0;0;0;8.43523E+12;
1999991004;0;0;2;1;0;0;0;8.43523E+12;
1999991005;0;0;2;1;0;0;0;8.42624E+12;
1999991006;0;0;2;1;0;0;0;8.42624E+12;
1999991007;0;0;2;1;0;0;0;8.42624E+12;
1999991008;0;0;2;1;0;0;0;8.42624E+12;
1999991009;0;0;2;1;0;0;0;8.42624E+12;
1999991010;0;0;2;1;0;0;0;8.42624E+12;
1999991011;0;0;2;1;0;0;0;8.42624E+12;
1999991012;0;0;2;1;0;0;0;8.42624E+12;
1999991013;0;0;2;1;0;0;0;8.42624E+12;
1999991014;0;0;2;1;0;0;0;8.42624E+12;
1999991015;0;0;2;1;0;0;0;8.42624E+12;
1999991016;0;0;2;1;0;0;0;8.42624E+12;
1999991017;0;0;2;1;0;0;0;8.42624E+12;
1999991018;0;0;2;1;0;0;0;8.42624E+12;
1999991019;0;0;2;1;0;0;0;8.42624E+12;
1999991020;0;0;2;1;0;0;0;8.42624E+12;
1999991021;0;0;2;1;0;0;0;8.42624E+12;
1999991022;0;0;2;1;0;0;0;8.42624E+12;
1999991023;0;0;2;1;0;0;0;8.42624E+12;
1999991024;0;0;2;1;0;0;0;8.42624E+12;
1999991025;0;0;2;1;0;0;0;8.42624E+12;
1999991026;0;0;2;1;0;0;0;8.42624E+12;
1999991027;0;0;2;1;0;0;0;8.42624E+12;
1999991028;0;0;2;1;0;0;0;8.41379E+12;
1999991029;0;0;2;1;0;0;0;8.41379E+12;
1999991030;0;0;2;1;0;0;0;8.41379E+12;
1999991031;0;0;2;1;0;0;0;8.41379E+12;
1999991033;0;0;2;1;0;0;0;8.41379E+12;
1999991034;0;0;2;1;0;0;0;8.41379E+12;
1999991035;0;0;2;1;0;0;0;8.41379E+12;
1999991036;0;0;2;1;0;0;0;8.41379E+12;
1999991037;0;0;2;1;0;0;0;8.41379E+12;
1999991038;0;0;2;1;0;0;0;8.41379E+12;
1999991039;0;0;2;1;0;0;0;8.41379E+12;
1999991040;0;0;2;1;0;0;0;8.41379E+12;
1999991041;0;0;2;1;0;0;0;8.41379E+12;
1999991042;0;0;2;1;0;0;0;8.43529E+12;
1999991043;0;0;2;1;0;0;0;8.43529E+12;
1999991044;0;0;2;1;0;0;0;8.43529E+12;
1999991045;0;0;2;1;0;0;0;8.43529E+12;
1999991046;0;0;2;1;0;0;0;8.43529E+12;
1999991047;0;0;2;1;0;0;0;8.43529E+12;
1999991048;0;0;2;1;0;0;0;8.43529E+12;
1999991049;0;0;2;1;0;0;0;8.43529E+12;
1999991050;0;0;2;1;0;0;0;8.43529E+12;
1999991051;0;0;2;1;0;0;0;8.43529E+12;
1999991052;0;0;2;1;0;0;0;8.43529E+12;
1999991053;0;0;2;1;0;0;0;8.43529E+12;
1999991054;0;0;2;1;0;0;0;8.43516E+12;
1999991055;0;0;2;1;0;0;0;8.43516E+12;
1999991056;0;0;2;1;0;0;0;8.43516E+12;
1999991057;0;0;2;1;0;0;0;8.43516E+12;
1999991058;0;0;2;1;0;0;0;8.43516E+12;
1999991059;0;0;2;1;0;0;0;8.43516E+12;
1999991060;0;0;2;1;0;0;0;8.43516E+12;
1999991061;0;0;2;1;0;0;0;8.43381E+12;
1999991062;0;0;2;1;0;0;0;8.42745E+12;
1999991063;0;0;2;1;0;0;0;8.43381E+12;
1999991064;0;0;2;1;0;0;0;8.43381E+12;
1999991065;0;0;2;1;0;0;0;8.43257E+12;
1999991066;0;0;2;1;0;0;0;8.43381E+12;
1999991067;0;0;2;1;0;0;0;8.43257E+12;
1999991068;0;0;2;1;0;0;0;8.43381E+12;
1999991069;0;0;2;1;0;0;0;8.43381E+12;
1999991070;0;0;2;1;0;0;0;8.43257E+12;
1999991071;0;0;2;1;0;0;0;8.43381E+12;
1999991072;0;0;2;1;0;0;0;8.43257E+12;
1999991073;0;0;2;1;0;0;0;8.43381E+12;
1999991074;0;0;2;1;0;0;0;8.43381E+12;
1999991075;0;0;2;1;0;0;0;8.43257E+12;
1999991076;0;0;2;1;0;0;0;8.42745E+12;
1999991077;0;0;2;1;0;0;0;8.43381E+12;
1999991078;0;0;2;1;0;0;0;8.43257E+12;
1999991079;0;0;2;1;0;0;0;8.42745E+12;
1999991080;0;0;2;1;0;0;0;8.43257E+12;
1999991081;0;0;2;1;0;0;0;8.42745E+12;
1999991082;0;0;2;1;0;0;0;8.43257E+12;
1999991083;0;0;2;1;0;0;0;8.43381E+12;
1999991084;0;0;2;1;0;0;0;8.43257E+12;
1999991085;0;0;2;1;0;0;0;8.42745E+12;
1999991086;0;0;2;1;0;0;0;8.42624E+12;
1999991087;0;0;2;1;0;0;0;8.43381E+12;
1999991088;0;0;2;1;0;0;0;8.43381E+12;
1999991089;0;0;2;1;0;0;0;8.43257E+12;
1999991090;0;0;2;1;0;0;0;8.42745E+12;
1999991091;0;0;2;1;0;0;0;8.43257E+12;
1999991092;0;0;2;1;0;0;0;8.43381E+12;
1999991093;0;0;2;1;0;0;0;8.43381E+12;
1999991094;0;0;2;1;0;0;0;8.43381E+12;
1999991095;0;0;2;1;0;0;0;8.43381E+12;
1999991096;0;0;2;1;0;0;0;8.43381E+12;
1999991097;0;0;2;1;0;0;0;8.43381E+12;
1999991098;0;0;2;1;0;0;0;8.43381E+12;
1999991099;0;0;2;1;0;0;0;8.43381E+12;
1999991100;0;0;2;1;0;0;0;8.43381E+12;
1999991101;0;0;2;1;0;0;0;8.43381E+12;
1999991102;0;0;2;1;0;0;0;8.43381E+12;
1999991103;0;0;2;1;0;0;0;8.43381E+12;
1999991104;0;0;2;1;0;0;0;8.43257E+12;
1999991105;0;0;2;1;0;0;0;8.43381E+12;
1999991106;0;0;2;1;0;0;0;8.43381E+12;
1999991107;0;0;2;1;0;0;0;8.43381E+12;
1999991108;0;0;2;1;0;0;0;8.43381E+12;
1999991109;0;0;2;1;0;0;0;8.43381E+12;
1999991110;0;0;2;1;0;0;0;8.43381E+12;
1999991111;0;0;2;1;0;0;0;8.43381E+12;
1999991112;0;0;2;1;0;0;0;8.43381E+12;
1999991113;0;0;2;1;0;0;0;8.43381E+12;
1999991114;0;0;2;1;0;0;0;8.43516E+12;
1999991115;0;0;2;1;0;0;0;8.43516E+12;
1999991116;0;0;2;1;0;0;0;8.43516E+12;
1999991117;0;0;2;1;0;0;0;8.43516E+12;
1999991118;0;0;2;1;0;0;0;8.43516E+12;
1999991119;0;0;2;1;0;0;0;8.43516E+12;
1999991120;0;0;2;1;0;0;0;8.43516E+12;
1999991122;0;0;2;1;0;0;0;8.43516E+12;
1999991123;0;0;2;1;0;0;0;8.43516E+12;
1999991124;0;0;2;1;0;0;0;8.42215E+12;
1999991125;0;0;2;1;0;0;0;8.42215E+12;
1999991126;0;0;2;1;0;0;0;8.42215E+12;
1999991127;0;0;2;1;0;0;0;8.42215E+12;
1999991128;0;0;2;1;0;0;0;8.42215E+12;
1999991129;0;0;2;1;0;0;0;8.42215E+12;
1999991130;0;0;2;1;0;0;0;2.5038E+12;
1999991131;0;0;2;1;0;0;0;2E+12;
1999991132;0;0;2;1;0;0;0;8.4352E+12;
1999991133;0;0;2;1;0;0;0;2.5038E+12;
1999991134;0;0;2;1;0;0;0;8.43257E+12;
1999991135;0;0;2;1;0;0;0;8.4352E+12;
1999991136;0;0;2;1;0;0;0;8.4352E+12;
1999991137;0;0;2;1;0;0;0;8.4352E+12;
1999991138;0;0;2;1;0;0;0;8.4352E+12;
1999991139;0;0;2;1;0;0;0;8.43257E+12;
1999991140;0;0;2;1;0;0;0;8.43257E+12;
1999991141;0;0;2;1;0;0;0;2.5038E+12;
1999991142;0;0;2;1;0;0;0;2.5038E+12;
1999991143;0;0;2;1;0;0;0;8.4126E+12;
1999991144;0;0;2;1;0;0;0;8.4126E+12;
1999991145;0;0;2;1;0;0;0;8.4126E+12;
1999991146;0;0;2;1;0;0;0;8.4126E+12;
1999991147;0;0;2;1;0;0;0;8.4126E+12;
1999991148;0;0;2;1;0;0;0;8.42624E+12;
1999991149;0;0;2;1;0;0;0;8.42624E+12;
1999991150;0;0;2;1;0;0;0;8.42353E+12;
1999991151;0;0;2;1;0;0;0;8.43257E+12;
1999991152;0;0;2;1;0;0;0;8.43257E+12;
1999991153;0;0;2;1;0;0;0;8.43257E+12;
1999991154;0;0;2;1;0;0;0;8.43257E+12;
1999991155;0;0;2;1;0;0;0;8.43381E+12;
1999991156;0;0;2;1;0;0;0;8.43257E+12;
1999991157;0;0;2;1;0;0;0;8.43381E+12;
1999991158;0;0;2;1;0;0;0;8.43381E+12;
1999991159;0;0;2;1;0;0;0;8.43257E+12;
1999991160;0;0;2;1;0;0;0;8.43381E+12;
1999991161;0;0;2;1;0;0;0;8.01992E+12;
1999991162;0;0;2;1;0;0;0;8.43381E+12;
1999991163;0;0;2;1;0;0;0;8.43257E+12;
1999991164;0;0;2;1;0;0;0;8.43381E+12;
1999991165;0;0;2;1;0;0;0;8.43257E+12;
1999991166;0;0;2;1;0;0;0;2.51E+12;
1999991167;0;0;2;1;0;0;0;8.43257E+12;
1999991168;0;0;2;1;0;0;0;8.43257E+12;
1999991169;0;0;2;1;0;0;0;8.43257E+12;
1999991170;0;0;2;1;0;0;0;8.43381E+12;
1999991171;0;0;2;1;0;0;0;8.43257E+12;
1999991172;0;0;2;1;0;0;0;8.43257E+12;
1999991173;0;0;2;1;0;0;0;8.43257E+12;
1999991174;0;0;2;1;0;0;0;8.43257E+12;
1999991175;0;0;2;1;0;0;0;8.43257E+12;
1999991176;0;0;2;1;0;0;0;8.43257E+12;
1999991177;0;0;2;1;0;0;0;8.43381E+12;
1999991178;0;0;2;1;0;0;0;8.43381E+12;
1999991179;0;0;2;1;0;0;0;8.43257E+12;
1999991180;0;0;2;1;0;0;0;8.43257E+12;
1999991181;0;0;2;1;0;0;0;8.43257E+12;
1999991182;0;0;2;1;0;0;0;8.43257E+12;
1999991183;0;0;2;1;0;0;0;8.42745E+12;
1999991184;0;0;2;1;0;0;0;8.43381E+12;
1999991185;0;0;2;1;0;0;0;8.42745E+12;
1999991186;0;0;2;1;0;0;0;8.43257E+12;
1999991187;0;0;2;1;0;0;0;8.43257E+12;
1999991188;0;0;2;1;0;0;0;8.43257E+12;
1999991189;0;0;2;1;0;0;0;8.43257E+12;
1999991190;0;0;2;1;0;0;0;8.43381E+12;
1999991191;0;0;2;1;0;0;0;8.43257E+12;
1999991192;0;0;2;1;0;0;0;8.43257E+12;
1999991193;0;0;2;1;0;0;0;8.43028E+12;
1999991194;0;0;2;1;0;0;0;8.43028E+12;
1999991195;0;0;2;1;0;0;0;2.51001E+12;
1999991196;0;0;2;1;0;0;0;8.42267E+12;
1999991197;0;0;2;1;0;0;0;8.42267E+12;
1999991198;0;0;2;1;0;0;0;8.42267E+12;
1999991199;0;0;2;1;0;0;0;8.42267E+12;
1999991200;0;0;2;1;0;0;0;8.42267E+12;
1999991201;0;0;2;1;0;0;0;8.42267E+12;
1999991202;0;0;2;1;0;0;0;8.42267E+12;
1999991203;0;0;2;1;0;0;0;8.42267E+12;
1999991204;0;0;2;1;0;0;0;8.42664E+12;
1999991206;0;0;2;1;0;0;0;8.42664E+12;
1999991207;0;0;2;1;0;0;0;8.42664E+12;
1999991208;0;0;2;1;0;0;0;8.42664E+12;
1999991209;0;0;2;1;0;0;0;8.42664E+12;
1999991210;0;0;2;1;0;0;0;8.42664E+12;
1999991211;0;0;2;1;0;0;0;8.42664E+12;
1999991212;0;0;2;1;0;0;0;4.01655E+12;
1999991213;0;0;2;1;0;0;0;4.01655E+12;
1999991214;0;0;2;1;0;0;0;4.01655E+12;
1999991215;0;0;2;1;0;0;0;8.41152E+12;
1999991216;0;0;2;1;0;0;0;8.41152E+12;
1999991217;0;0;2;1;0;0;0;8.41152E+12;
1999991218;0;0;2;1;0;0;0;8.41152E+12;
1999991219;0;0;2;1;0;0;0;8.41152E+12;
1999991220;0;0;2;1;0;0;0;8.41152E+12;
1999991221;0;0;2;1;0;0;0;8.41152E+12;
1999991222;0;0;2;1;0;0;0;8.41152E+12;
1999991223;0;0;2;1;0;0;0;8.41152E+12;
1999991224;0;0;2;1;0;0;0;8.41152E+12;
1999991225;0;0;2;1;0;0;0;8.41152E+12;
1999991226;0;0;2;1;0;0;0;8.41152E+12;
1999991227;0;0;2;1;0;0;0;8.41152E+12;
1999991228;0;0;2;1;0;0;0;8.42607E+12;
1999991229;0;0;2;1;0;0;0;8.42607E+12;
1999991230;0;0;2;1;0;0;0;8.42607E+12;
1999991231;0;0;2;1;0;0;0;8.42607E+12;
1999991232;0;0;2;1;0;0;0;8.42607E+12;
1999991233;0;0;2;1;0;0;0;4.04245E+12;
1999991234;0;0;2;1;0;0;0;4.04245E+12;
1999991235;0;0;2;1;0;0;0;4.04245E+12;
1999991236;0;0;2;1;0;0;0;4.04245E+12;
1999991237;0;0;2;1;0;0;0;4.04245E+12;
1999991238;0;0;2;1;0;0;0;4.04245E+12;
1999991239;0;0;2;1;0;0;0;4.04245E+12;
1999991240;0;0;2;1;0;0;0;4.04245E+12;
1999991241;0;0;2;1;0;0;0;8.42625E+12;
1999991242;0;0;2;1;0;0;0;8.42625E+12;
1999991243;0;0;2;1;0;0;0;8.42625E+12;
1999991244;0;0;2;1;0;0;0;8.42625E+12;
1999991245;0;0;2;1;0;0;0;8.42625E+12;
1999991246;0;0;2;1;0;0;0;8.42625E+12;
1999991247;0;0;2;1;0;0;0;8.41397E+12;
1999991248;0;0;2;1;0;0;0;8.41397E+12;
1999991249;0;0;2;1;0;0;0;8.41397E+12;
1999991250;0;0;2;1;0;0;0;8.41397E+12;
1999991251;0;0;2;1;0;0;0;8.41397E+12;
1999991252;0;0;2;1;0;0;0;8.41397E+12;
1999991253;0;0;2;1;0;0;0;8.41397E+12;
1999991254;0;0;2;1;0;0;0;8.41397E+12;
1999991255;0;0;2;1;0;0;0;8.41397E+12;
1999991256;0;0;2;1;0;0;0;8.41397E+12;
1999991257;0;0;2;1;0;0;0;8.41397E+12;
1999991258;0;0;2;1;0;0;0;8.41397E+12;
1999991259;0;0;2;1;0;0;0;8.41397E+12;
1999991260;0;0;2;1;0;0;0;8.4352E+12;
1999991261;0;0;2;1;0;0;0;8.4352E+12;
1999991262;0;0;2;1;0;0;0;4.03343E+12;
1999991263;0;0;2;1;0;0;0;4.03343E+12;
1999991264;0;0;2;1;0;0;0;4.03343E+12;
1999991265;0;0;2;1;0;0;0;4.03343E+12;
1999991266;0;0;2;1;0;0;0;4.03343E+12;
1999991267;0;0;2;1;0;0;0;4.03343E+12;
1999991268;0;0;2;1;0;0;0;4.03343E+12;
1999991269;0;0;2;1;0;0;0;4.03343E+12;
1999991270;0;0;2;1;0;0;0;4.03343E+12;
1999991271;0;0;2;1;0;0;0;4.03343E+12;
1999991272;0;0;2;1;0;0;0;4.03313E+12;
1999991273;0;0;2;1;0;0;0;4.03343E+12;
1999991274;0;0;2;1;0;0;0;4.03343E+12;
1999991275;0;0;2;1;0;0;0;4.03343E+12;
1999991276;0;0;2;1;0;0;0;4.03343E+12;
1999991277;0;0;2;1;0;0;0;8.42876E+12;
1999991278;0;0;2;1;0;0;0;8.42876E+12;
1999991279;0;0;2;1;0;0;0;8.42268E+12;
1999991280;0;0;2;1;0;0;0;8.42268E+12;
1999991281;0;0;2;1;0;0;0;8.42268E+12;
1999991282;0;0;2;1;0;0;0;8.42268E+12;
1999991283;0;0;2;1;0;0;0;8.42268E+12;
1999991284;0;0;2;1;0;0;0;8.42268E+12;
1999991285;0;0;2;1;0;0;0;8.42268E+12;
1999991286;0;0;2;1;0;0;0;8.42268E+12;
1999991287;0;0;2;1;0;0;0;8.42268E+12;
1999991288;0;0;2;1;0;0;0;8.42268E+12;
1999991289;0;0;2;1;0;0;0;8.42268E+12;
1999991290;0;0;2;1;0;0;0;8.42268E+12;
1999991291;0;0;2;1;0;0;0;8.42268E+12;
1999991292;0;0;2;1;0;0;0;8.42268E+12;
1999991293;0;0;2;1;0;0;0;8.42268E+12;
1999991294;0;0;2;1;0;0;0;8.42268E+12;
1999991295;0;0;2;1;0;0;0;8.42607E+12;
1999991296;0;0;2;1;0;0;0;8.42607E+12;
1999991297;0;0;2;1;0;0;0;8.42607E+12;
1999991298;0;0;2;1;0;0;0;8.42607E+12;
1999991299;0;0;2;1;0;0;0;8.42607E+12;
1999991300;0;0;2;1;0;0;0;8.42607E+12;
1999991301;0;0;2;1;0;0;0;8.42607E+12;
1999991302;0;0;2;1;0;0;0;8.42607E+12;
1999991303;0;0;2;1;0;0;0;8.4352E+12;
1999991304;0;0;2;1;0;0;0;8.4352E+12;
1999991305;0;0;2;1;0;0;0;8.4352E+12;
1999991306;0;0;2;1;0;0;0;8.4352E+12;
1999991307;0;0;2;1;0;0;0;8.4352E+12;
1999991308;0;0;2;1;0;0;0;8.42579E+12;
1999991309;0;0;2;1;0;0;0;8.42579E+12;
1999991310;0;0;2;1;0;0;0;8.42445E+12;
1999991311;0;0;2;1;0;0;0;8.42445E+12;
1999991312;0;0;2;1;0;0;0;8.42445E+12;
1999991313;0;0;2;1;0;0;0;8.42445E+12;
1999991314;0;0;2;1;0;0;0;8.42445E+12;
1999991315;0;0;2;1;0;0;0;8.42445E+12;
1999991316;0;0;2;1;0;0;0;8.42445E+12;
1999991317;0;0;2;1;0;0;0;8.42445E+12;
1999991318;0;0;2;1;0;0;0;8.42445E+12;
1999991319;0;0;2;1;0;0;0;8.42445E+12;
1999991320;0;0;2;1;0;0;0;8.42445E+12;
1999991321;0;0;2;1;0;0;0;8.42445E+12;
1999991322;0;0;2;1;0;0;0;8.42445E+12;
1999991323;0;0;2;1;0;0;0;8.42445E+12;
1999991324;0;0;2;1;0;0;0;8.42445E+12;
1999991325;0;0;2;1;0;0;0;8.42445E+12;
1999991326;0;0;2;1;0;0;0;8.42445E+12;
1999991327;0;0;2;1;0;0;0;8.42445E+12;
1999991328;0;0;2;1;0;0;0;8.42445E+12;
1999991329;0;0;2;1;0;0;0;8.42445E+12;
1999991330;0;0;2;1;0;0;0;8.42445E+12;
1999991331;0;0;2;1;0;0;0;8.42445E+12;
1999991332;0;0;2;1;0;0;0;8.42445E+12;
1999991333;0;0;2;1;0;0;0;8.42445E+12;
1999991334;0;0;2;1;0;0;0;8.42445E+12;
1999991335;0;0;2;1;0;0;0;8.42445E+12;
1999991336;0;0;2;1;0;0;0;8.42445E+12;
1999991337;0;0;2;1;0;0;0;8.42445E+12;
1999991338;0;0;2;1;0;0;0;8.42445E+12;
1999991339;0;0;2;1;0;0;0;8.42445E+12;
1999991340;0;0;2;1;0;0;0;8.42445E+12;
1999991341;0;0;2;1;0;0;0;8.42445E+12;
1999991342;0;0;2;1;0;0;0;8.42445E+12;
1999991343;0;0;2;1;0;0;0;8.42445E+12;
1999991344;0;0;2;1;0;0;0;8.42445E+12;
1999991345;0;0;2;1;0;0;0;8.42445E+12;
1999991346;0;0;2;1;0;0;0;8.42445E+12;
1999991347;0;0;2;1;0;0;0;8.42445E+12;
1999991348;0;0;2;1;0;0;0;8.42445E+12;
1999991349;0;0;2;1;0;0;0;8.42445E+12;
1999991350;0;0;2;1;0;0;0;8.42445E+12;
1999991351;0;0;2;1;0;0;0;8.42445E+12;
1999991352;0;0;2;1;0;0;0;8.42445E+12;
1999991353;0;0;2;1;0;0;0;8.42445E+12;
1999991354;0;0;2;1;0;0;0;8.42445E+12;
1999991355;0;0;2;1;0;0;0;8.42445E+12;
1999991356;0;0;2;1;0;0;0;8.42445E+12;
1999991357;0;0;2;1;0;0;0;8.42445E+12;
1999991358;0;0;2;1;0;0;0;8.42445E+12;
1999991359;0;0;2;1;0;0;0;8.42445E+12;
1999991360;0;0;2;1;0;0;0;8.42445E+12;
1999991361;0;0;2;1;0;0;0;8.42445E+12;
1999991362;0;0;2;1;0;0;0;8.42445E+12;
1999991363;0;0;2;1;0;0;0;8.42445E+12;
1999991364;0;0;2;1;0;0;0;8.42445E+12;
1999991365;0;0;2;1;0;0;0;8.42445E+12;
1999991366;0;0;2;1;0;0;0;8.42445E+12;
1999991367;0;0;2;1;0;0;0;8.42445E+12;
1999991368;0;0;2;1;0;0;0;8.42445E+12;
1999991369;0;0;2;1;0;0;0;8.42445E+12;
1999991370;0;0;2;1;0;0;0;8.42445E+12;
1999991371;0;0;2;1;0;0;0;8.42445E+12;
1999991372;0;0;2;1;0;0;0;8.42445E+12;
1999991373;0;0;2;1;0;0;0;8.42625E+12;
1999991374;0;0;2;1;0;0;0;8.42625E+12;
1999991375;0;0;2;1;0;0;0;8.42625E+12;
1999991376;0;0;2;1;0;0;0;8.42625E+12;
1999991377;0;0;2;1;0;0;0;8.42625E+12;
1999991378;0;0;2;1;0;0;0;8.42625E+12;
1999991379;0;0;2;1;0;0;0;8.43093E+12;
1999991380;0;0;2;1;0;0;0;8.43093E+12;
1999991381;0;0;2;1;0;0;0;8.41254E+12;
1999991382;0;0;2;1;0;0;0;8.41254E+12;
1999991383;0;0;2;1;0;0;0;8.4148E+12;
1999991384;0;0;2;1;0;0;0;8.4148E+12;
1999991385;0;0;2;1;0;0;0;8.4148E+12;
1999991386;0;0;2;1;0;0;0;8.4268E+12;
1999991387;0;0;2;1;0;0;0;8.4268E+12;
1999991388;0;0;2;1;0;0;0;8.4268E+12;
1999991389;0;0;2;1;0;0;0;8.4268E+12;
1999991390;0;0;2;1;0;0;0;8.4268E+12;
1999991391;0;0;2;1;0;0;0;8.41302E+12;
1999991392;0;0;2;1;0;0;0;8.41302E+12;
1999991393;0;0;2;1;0;0;0;8.41302E+12;
1999991394;0;0;2;1;0;0;0;8.41302E+12;
1999991395;0;0;2;1;0;0;0;8.41302E+12;
1999991396;0;0;2;1;0;0;0;8.41302E+12;
1999991397;0;0;2;1;0;0;0;8.41302E+12;
1999991398;0;0;2;1;0;0;0;8.41302E+12;
1999991399;0;0;2;1;0;0;0;8.4352E+12;
1999991400;0;0;2;1;0;0;0;8.4352E+12;
1999991401;0;0;2;1;0;0;0;8.42268E+12;
1999991402;0;0;2;1;0;0;0;8.42268E+12;
1999991403;0;0;2;1;0;0;0;8.42268E+12;
1999991404;0;0;2;1;0;0;0;8.42268E+12;
1999991405;0;0;2;1;0;0;0;8.42268E+12;
1999991406;0;0;2;1;0;0;0;8.42268E+12;
1999991407;0;0;2;1;0;0;0;2E+12;
1999991408;0;0;2;1;0;0;0;8.42268E+12;
1999991409;0;0;2;1;0;0;0;8.42268E+12;
1999991410;0;0;2;1;0;0;0;8.42268E+12;
1999991411;0;0;2;1;0;0;0;8.42268E+12;
1999991412;0;0;2;1;0;0;0;8.42268E+12;
1999991413;0;0;2;1;0;0;0;8.42268E+12;
1999991414;0;0;2;1;0;0;0;8.42268E+12;
1999991415;0;0;2;1;0;0;0;8.42268E+12;
1999991416;0;0;2;1;0;0;0;8.42268E+12;
1999991417;0;0;2;1;0;0;0;8.42268E+12;
1999991418;0;0;2;1;0;0;0;8.42268E+12;
1999991419;0;0;2;1;0;0;0;8.42268E+12;
1999991420;0;0;2;1;0;0;0;8.42268E+12;
1999991421;0;0;2;1;0;0;0;8.42268E+12;
1999991422;0;0;2;1;0;0;0;8.42268E+12;
1999991423;0;0;2;1;0;0;0;8.42268E+12;
1999991424;0;0;2;1;0;0;0;8.42268E+12;
1999991425;0;0;2;1;0;0;0;8.42268E+12;
1999991426;0;0;2;1;0;0;0;8.42268E+12;
1999991427;0;0;2;1;0;0;0;8.42268E+12;
1999991428;0;0;2;1;0;0;0;8.42268E+12;
1999991429;0;0;2;1;0;0;0;8.42268E+12;
1999991430;0;0;2;1;0;0;0;8.42268E+12;
1999991431;0;0;2;1;0;0;0;8.42268E+12;
1999991432;0;0;2;1;0;0;0;8.42268E+12;
1999991434;0;0;2;1;0;0;0;8.42268E+12;
1999991435;0;0;2;1;0;0;0;8.42268E+12;
